"~id","~labels","termo","codigo","categoria","ch_teorica","nome","ch_pratica","label","ch_extensao"
"4:f4b58906-e3ae-4787-871e-1af324202838:0","UCS",1,"8907","OPTATIVA",36,"ANÁLISE COMBINATÓRIA E PROBABILIDADE",0,"8907 - ANÁLISE COMBINATÓRIA E PROBABILIDADE",
"4:f4b58906-e3ae-4787-871e-1af324202838:1","UCS",1,"8824","OPTATIVA",18,"ANÁLISE EXPLORATÓRIA DE DADOS USANDO R",0,"8824 - ANÁLISE EXPLORATÓRIA DE DADOS USANDO R",
"4:f4b58906-e3ae-4787-871e-1af324202838:2","UCS",1,"5702","FIXA",72,"CÁLCULO EM UMA VARIÁVEL",36,"5702 - CÁLCULO EM UMA VARIÁVEL",
"4:f4b58906-e3ae-4787-871e-1af324202838:36","UCS",2,"5844","ELETIVA",72,"MATEMÁTICA GERAL",0,"5844 - MATEMÁTICA GERAL",
"4:f4b58906-e3ae-4787-871e-1af324202838:41","UCS",2,"4328","ELETIVA",62,"SÉRIES E EQUAÇÕES DIFERENCIAIS ORDINÁRIAS",10,"4328 - SÉRIES E EQUAÇÕES DIFERENCIAIS ORDINÁRIAS",
"4:f4b58906-e3ae-4787-871e-1af324202838:49","UCS",3,"5359","ELETIVA",62,"CÁLCULO EM VÁRIAS VARIÁVEIS",10,"5359 - CÁLCULO EM VÁRIAS VARIÁVEIS",
"4:f4b58906-e3ae-4787-871e-1af324202838:54","UCS",3,"5101","INTERDISCIPLINAR",50,"ECONOMIA MATEMÁTICA",22,"5101 - ECONOMIA MATEMÁTICA",
"4:f4b58906-e3ae-4787-871e-1af324202838:65","UCS",3,"4352","INTERDISCIPLINAR",18,"MODELAGEM COMPUTACIONAL",18,"4352 - MODELAGEM COMPUTACIONAL",
"4:f4b58906-e3ae-4787-871e-1af324202838:86","UCS",4,"2828","ELETIVA",58,"CÁLCULO NUMÉRICO",14,"2828 - CÁLCULO NUMÉRICO",
"4:f4b58906-e3ae-4787-871e-1af324202838:122","UCS",4,"4773","ELETIVA",72,"TERMODINÂMICA QUÍMICA",0,"4773 - TERMODINÂMICA QUÍMICA",8
"4:f4b58906-e3ae-4787-871e-1af324202838:129","UCS",5,"5773","ELETIVA",72,"ANÁLISE REAL I",0,"5773 - ANÁLISE REAL I",
"4:f4b58906-e3ae-4787-871e-1af324202838:165","UCS",5,"2609","INTERDISCIPLINAR",54,"PROBABILIDADE E ESTATÍSTICA",18,"2609 - PROBABILIDADE E ESTATÍSTICA",18
"4:f4b58906-e3ae-4787-871e-1af324202838:3","UCS",1,"2672","FIXA",36,"CIÊNCIA, TECNOLOGIA E SOCIEDADE",0,"2672 - CIÊNCIA, TECNOLOGIA E SOCIEDADE",
"4:f4b58906-e3ae-4787-871e-1af324202838:70","UCS",3,"8240","INTERDISCIPLINAR",0,"PRÁTICA EM PROJETOS EXTENSIONISTAS I",72,"8240 - PRÁTICA EM PROJETOS EXTENSIONISTAS I",72
"4:f4b58906-e3ae-4787-871e-1af324202838:116","UCS",4,"8051","INTERDISCIPLINAR",0,"PRÁTICA EM PROJETOS EXTENSIONISTAS II",72,"8051 - PRÁTICA EM PROJETOS EXTENSIONISTAS II",72
"4:f4b58906-e3ae-4787-871e-1af324202838:4","UCS",1,"8821","OPTATIVA",22,"COORDENADAS POLARES, CILÍNDRICAS E ESFÉRICAS",0,"8821 - COORDENADAS POLARES, CILÍNDRICAS E ESFÉRICAS",
"4:f4b58906-e3ae-4787-871e-1af324202838:5","UCS",1,"8823","OPTATIVA",22,"FUNÇÕES TRIGONOMÉTRICAS",0,"8823 - FUNÇÕES TRIGONOMÉTRICAS",
"4:f4b58906-e3ae-4787-871e-1af324202838:6","UCS",1,"5703","FIXA",72,"FUNDAMENTOS DE BIOLOGIA MODERNA",0,"5703 - FUNDAMENTOS DE BIOLOGIA MODERNA",
"4:f4b58906-e3ae-4787-871e-1af324202838:24","UCS",2,"5843","ELETIVA",72,"BIOLOGIA MOLECULAR DO GENE",0,"5843 - BIOLOGIA MOLECULAR DO GENE",20
"4:f4b58906-e3ae-4787-871e-1af324202838:25","UCS",2,"5842","ELETIVA",72,"BIOQUÍMICA I",0,"5842 - BIOQUÍMICA I",
"4:f4b58906-e3ae-4787-871e-1af324202838:48","UCS",3,"5741","ELETIVA",72,"BIOLOGIA MOLECULAR DA CÉLULA",0,"5741 - BIOLOGIA MOLECULAR DA CÉLULA",
"4:f4b58906-e3ae-4787-871e-1af324202838:104","UCS",4,"4760","INTERDISCIPLINAR",36,"INTRODUÇÃO À BIOTECNOLOGIA",0,"4760 - INTRODUÇÃO À BIOTECNOLOGIA",4
"4:f4b58906-e3ae-4787-871e-1af324202838:202","UCS",6,"5933","ELETIVA",56,"BIOSSENSORES",16,"5933 - BIOSSENSORES",12
"4:f4b58906-e3ae-4787-871e-1af324202838:7","UCS",1,"8962","OPTATIVA",20,"INTRODUÇÃO À ASTRONOMIA E ASTROFÍSICA",0,"8962 - INTRODUÇÃO À ASTRONOMIA E ASTROFÍSICA",
"4:f4b58906-e3ae-4787-871e-1af324202838:8","UCS",1,"8819","OPTATIVA",36,"INTRODUÇÃO A RMN",0,"8819 - INTRODUÇÃO A RMN",
"4:f4b58906-e3ae-4787-871e-1af324202838:9","UCS",1,"8898","OPTATIVA",20,"INTRODUÇÃO À TEORIA DE CONJUNTOS FUZZY E APLICAÇÕES",0,"8898 - INTRODUÇÃO À TEORIA DE CONJUNTOS FUZZY E APLICAÇÕES",
"4:f4b58906-e3ae-4787-871e-1af324202838:10","UCS",1,"8908","OPTATIVA",20,"INTRODUÇÃO AO SOFTWARE R",0,"8908 - INTRODUÇÃO AO SOFTWARE R",
"4:f4b58906-e3ae-4787-871e-1af324202838:11","UCS",1,"7684","ELETIVA",0,"LABORATÓRIO DE MATEMÁTICA",36,"7684 - LABORATÓRIO DE MATEMÁTICA",
"4:f4b58906-e3ae-4787-871e-1af324202838:12","UCS",1,"9394","FIXA",42,"LÓGICA DE PROGRAMAÇÃO",30,"9394 - LÓGICA DE PROGRAMAÇÃO",
"4:f4b58906-e3ae-4787-871e-1af324202838:21","UCS",2,"2832","ELETIVA",36,"ALGORITMOS E ESTRUTURAS DE DADOS I",36,"2832 - ALGORITMOS E ESTRUTURAS DE DADOS I",
"4:f4b58906-e3ae-4787-871e-1af324202838:44","UCS",3,"5414","INTERDISCIPLINAR",36,"ALGORITMOS EM BIOINFORMÁTICA",36,"5414 - ALGORITMOS EM BIOINFORMÁTICA",
"4:f4b58906-e3ae-4787-871e-1af324202838:79","UCS",3,"6074","INTERDISCIPLINAR",24,"TÓPICOS INTERDISCIPLINARES EM COMPUTAÇÃO I",12,"6074 - TÓPICOS INTERDISCIPLINARES EM COMPUTAÇÃO I",
"4:f4b58906-e3ae-4787-871e-1af324202838:82","UCS",4,"3519","ELETIVA",52,"ARQUITETURA E ORGANIZAÇÃO DE COMPUTADORES",20,"3519 - ARQUITETURA E ORGANIZAÇÃO DE COMPUTADORES",
"4:f4b58906-e3ae-4787-871e-1af324202838:126","UCS",4,"6080","INTERDISCIPLINAR",24,"TÓPICOS INTERDISCIPLINARES EM COMPUTAÇÃO II",12,"6080 - TÓPICOS INTERDISCIPLINARES EM COMPUTAÇÃO II",
"4:f4b58906-e3ae-4787-871e-1af324202838:152","UCS",5,"5372","INTERDISCIPLINAR",36,"INTRODUÇÃO À BIOINFORMÁTICA",36,"5372 - INTRODUÇÃO À BIOINFORMÁTICA",8
"4:f4b58906-e3ae-4787-871e-1af324202838:157","UCS",5,"2616","ELETIVA",72,"LINGUAGENS FORMAIS E AUTÔMATOS",0,"2616 - LINGUAGENS FORMAIS E AUTÔMATOS",
"4:f4b58906-e3ae-4787-871e-1af324202838:163","UCS",5,"4148","ELETIVA",58,"OTIMIZAÇÃO LINEAR",14,"4148 - OTIMIZAÇÃO LINEAR",6
"4:f4b58906-e3ae-4787-871e-1af324202838:173","UCS",5,"9826","INTERDISCIPLINAR",0,"RESOLUÇÃO DE PROBLEMAS VIA MODELAGEM MATEMÁTICA I",72,"9826 - RESOLUÇÃO DE PROBLEMAS VIA MODELAGEM MATEMÁTICA I",72
"4:f4b58906-e3ae-4787-871e-1af324202838:174","UCS",5,"4150","INTERDISCIPLINAR",44,"SIMULAÇÃO DE SISTEMAS",28,"4150 - SIMULAÇÃO DE SISTEMAS",
"4:f4b58906-e3ae-4787-871e-1af324202838:189","UCS",6,"4413","ELETIVA",48,"APRENDIZADO DE MÁQUINA E RECONHECIMENTO DE PADRÕES",24,"4413 - APRENDIZADO DE MÁQUINA E RECONHECIMENTO DE PADRÕES",
"4:f4b58906-e3ae-4787-871e-1af324202838:212","UCS",6,"6105","ELETIVA",12,"CLASSIFICAÇÃO DE SINAIS BIOLÓGICOS",24,"6105 - CLASSIFICAÇÃO DE SINAIS BIOLÓGICOS",
"4:f4b58906-e3ae-4787-871e-1af324202838:260","UCS",6,"9881","INTERDISCIPLINAR",36,"INTERNET DAS COISAS",36,"9881 - INTERNET DAS COISAS",36
"4:f4b58906-e3ae-4787-871e-1af324202838:294","UCS",6,"4164","ELETIVA",58,"METAHEURÍSTICAS",14,"4164 - METAHEURÍSTICAS",
"4:f4b58906-e3ae-4787-871e-1af324202838:304","UCS",6,"5770","ELETIVA",44,"MINERAÇÃO DE DADOS BIOMÉDICOS",28,"5770 - MINERAÇÃO DE DADOS BIOMÉDICOS",
"4:f4b58906-e3ae-4787-871e-1af324202838:323","UCS",6,"4662","ELETIVA",20,"PROJETO DE SISTEMAS DIGITAIS",52,"4662 - PROJETO DE SISTEMAS DIGITAIS",
"4:f4b58906-e3ae-4787-871e-1af324202838:336","UCS",6,"8210","INTERDISCIPLINAR",20,"RESOLUÇÃO DE PROBLEMAS VIA MODELAGEM MATEMÁTICA",52,"8210 - RESOLUÇÃO DE PROBLEMAS VIA MODELAGEM MATEMÁTICA",
"4:f4b58906-e3ae-4787-871e-1af324202838:337","UCS",6,"9827","INTERDISCIPLINAR",0,"RESOLUÇÃO DE PROBLEMAS VIA MODELAGEM MATEMÁTICA II",72,"9827 - RESOLUÇÃO DE PROBLEMAS VIA MODELAGEM MATEMÁTICA II",72
"4:f4b58906-e3ae-4787-871e-1af324202838:346","UCS",6,"6033","ELETIVA",36,"SISTEMAS EMBARCADOS",36,"6033 - SISTEMAS EMBARCADOS",16
"4:f4b58906-e3ae-4787-871e-1af324202838:13","UCS",1,"8954","OPTATIVA",18,"NOÇÕES EM EMPREENDEDORISMO E INOVAÇÃO",0,"8954 - NOÇÕES EM EMPREENDEDORISMO E INOVAÇÃO",
"4:f4b58906-e3ae-4787-871e-1af324202838:14","UCS",1,"8909","OPTATIVA",36,"PRÉ-CÁLCULO",0,"8909 - PRÉ-CÁLCULO",
"4:f4b58906-e3ae-4787-871e-1af324202838:15","UCS",1,"8817","OPTATIVA",32,"PYTHON PARA ENGENHARIA",0,"8817 - PYTHON PARA ENGENHARIA",
"4:f4b58906-e3ae-4787-871e-1af324202838:16","UCS",1,"5704","FIXA",72,"QUÍMICA GERAL",0,"5704 - QUÍMICA GERAL",
"4:f4b58906-e3ae-4787-871e-1af324202838:39","UCS",2,"4370","INTERDISCIPLINAR",0,"QUÍMICA GERAL EXPERIMENTAL",72,"4370 - QUÍMICA GERAL EXPERIMENTAL",16
"4:f4b58906-e3ae-4787-871e-1af324202838:62","UCS",3,"5169","INTERDISCIPLINAR",30,"INTRODUÇÃO À NANOTECNOLOGIA",6,"5169 - INTRODUÇÃO À NANOTECNOLOGIA",6
"4:f4b58906-e3ae-4787-871e-1af324202838:71","UCS",3,"4772","INTERDISCIPLINAR",60,"QUÍMICA INORGÂNICA",12,"4772 - QUÍMICA INORGÂNICA",8
"4:f4b58906-e3ae-4787-871e-1af324202838:72","UCS",3,"4350","ELETIVA",72,"QUÍMICA ORGÂNICA",0,"4350 - QUÍMICA ORGÂNICA",
"4:f4b58906-e3ae-4787-871e-1af324202838:88","UCS",4,"4764","ELETIVA",72,"CIÊNCIA E TECNOLOGIA DOS MATERIAIS",0,"4764 - CIÊNCIA E TECNOLOGIA DOS MATERIAIS",
"4:f4b58906-e3ae-4787-871e-1af324202838:121","UCS",4,"4536","INTERDISCIPLINAR",0,"QUÍMICA ORGÂNICA EXPERIMENTAL",72,"4536 - QUÍMICA ORGÂNICA EXPERIMENTAL",8
"4:f4b58906-e3ae-4787-871e-1af324202838:132","UCS",5,"5170","INTERDISCIPLINAR",32,"BIOMATERIAIS",4,"5170 - BIOMATERIAIS",4
"4:f4b58906-e3ae-4787-871e-1af324202838:170","UCS",5,"5883","INTERDISCIPLINAR",26,"QUÍMICA ANALÍTICA",46,"5883 - QUÍMICA ANALÍTICA",16
"4:f4b58906-e3ae-4787-871e-1af324202838:359","UCS",6,"5401","ELETIVA",72,"TERMODINÂMICA DOS SÓLIDOS",0,"5401 - TERMODINÂMICA DOS SÓLIDOS",
"4:f4b58906-e3ae-4787-871e-1af324202838:17","UCS",1,"8822","OPTATIVA",32,"SEMINÁRIOS MULTIDISCIPLINARES SOBRE CIÊNCIA E TECNOLOGIA",0,"8822 - SEMINÁRIOS MULTIDISCIPLINARES SOBRE CIÊNCIA E TECNOLOGIA",
"4:f4b58906-e3ae-4787-871e-1af324202838:18","UCS",1,"6057","INTERDISCIPLINAR",62,"SÉRIES TEMPORAIS E PREVISÕES",10,"6057 - SÉRIES TEMPORAIS E PREVISÕES",
"4:f4b58906-e3ae-4787-871e-1af324202838:255","UCS",6,"4401","ELETIVA",56,"INFERÊNCIA E ANÁLISE DE REGRESSÃO",16,"4401 - INFERÊNCIA E ANÁLISE DE REGRESSÃO",
"4:f4b58906-e3ae-4787-871e-1af324202838:19","UCS",1,"8820","OPTATIVA",36,"TÓPICOS EM FÍSICA MODERNA",0,"8820 - TÓPICOS EM FÍSICA MODERNA",
"4:f4b58906-e3ae-4787-871e-1af324202838:20","UCS",1,"6517","OPTATIVA",72,"UNIDADE DE APOIO AO CÁLCULO",0,"6517 - UNIDADE DE APOIO AO CÁLCULO",
"4:f4b58906-e3ae-4787-871e-1af324202838:43","UCS",3,"2833","ELETIVA",46,"ALGORITMOS E ESTRUTURAS DE DADOS II",26,"2833 - ALGORITMOS E ESTRUTURAS DE DADOS II",
"4:f4b58906-e3ae-4787-871e-1af324202838:73","UCS",3,"4410","ELETIVA",54,"REALIDADE VIRTUAL E AUMENTADA",18,"4410 - REALIDADE VIRTUAL E AUMENTADA",
"4:f4b58906-e3ae-4787-871e-1af324202838:74","UCS",3,"6075","ELETIVA",52,"SISTEMAS ROBÓTICOS",20,"6075 - SISTEMAS ROBÓTICOS",
"4:f4b58906-e3ae-4787-871e-1af324202838:118","UCS",4,"2471","ELETIVA",36,"PROGRAMAÇÃO ORIENTADA A OBJETOS",36,"2471 - PROGRAMAÇÃO ORIENTADA A OBJETOS",
"4:f4b58906-e3ae-4787-871e-1af324202838:136","UCS",5,"6103","INTERDISCIPLINAR",48,"COMPUTAÇÃO BIOINSPIRADA",24,"6103 - COMPUTAÇÃO BIOINSPIRADA",
"4:f4b58906-e3ae-4787-871e-1af324202838:137","UCS",5,"3051","ELETIVA",36,"COMPUTAÇÃO GRÁFICA",36,"3051 - COMPUTAÇÃO GRÁFICA",
"4:f4b58906-e3ae-4787-871e-1af324202838:150","UCS",5,"3490","ELETIVA",48,"INTELIGÊNCIA ARTIFICIAL",24,"3490 - INTELIGÊNCIA ARTIFICIAL",8
"4:f4b58906-e3ae-4787-871e-1af324202838:175","UCS",5,"2612","ELETIVA",54,"SISTEMAS OPERACIONAIS",18,"2612 - SISTEMAS OPERACIONAIS",
"4:f4b58906-e3ae-4787-871e-1af324202838:179","UCS",5,"6166","ELETIVA",36,"TÓPICOS EM FUNDAMENTOS DA COMPUTAÇÃO I",36,"6166 - TÓPICOS EM FUNDAMENTOS DA COMPUTAÇÃO I",
"4:f4b58906-e3ae-4787-871e-1af324202838:181","UCS",5,"6168","ELETIVA",36,"TÓPICOS EM TECNOLOGIA DA COMPUTAÇÃO I",36,"6168 - TÓPICOS EM TECNOLOGIA DA COMPUTAÇÃO I",
"4:f4b58906-e3ae-4787-871e-1af324202838:184","UCS",5,"6092","INTERDISCIPLINAR",24,"TÓPICOS INTERDISCIPLINARES EM COMPUTAÇÃO III",12,"6092 - TÓPICOS INTERDISCIPLINARES EM COMPUTAÇÃO III",
"4:f4b58906-e3ae-4787-871e-1af324202838:188","UCS",6,"5096","ELETIVA",20,"APLICAÇÕES DE ROBÓTICA MÓVEL",52,"5096 - APLICAÇÕES DE ROBÓTICA MÓVEL",
"4:f4b58906-e3ae-4787-871e-1af324202838:193","UCS",6,"2831","ELETIVA",36,"BANCO DE DADOS",36,"2831 - BANCO DE DADOS",16
"4:f4b58906-e3ae-4787-871e-1af324202838:220","UCS",6,"4781","ELETIVA",20,"DESENVOLVIMENTO DE APLICAÇÕES ROBÓTICAS",52,"4781 - DESENVOLVIMENTO DE APLICAÇÕES ROBÓTICAS",
"4:f4b58906-e3ae-4787-871e-1af324202838:221","UCS",6,"8536","INTERDISCIPLINAR",36,"DESENVOLVIMENTO DE GAMES",36,"8536 - DESENVOLVIMENTO DE GAMES",36
"4:f4b58906-e3ae-4787-871e-1af324202838:271","UCS",6,"3489","ELETIVA",36,"INTRODUÇÃO ÀS REDES NEURAIS ARTIFICIAIS",36,"3489 - INTRODUÇÃO ÀS REDES NEURAIS ARTIFICIAIS",
"4:f4b58906-e3ae-4787-871e-1af324202838:273","UCS",6,"8668","ELETIVA",36,"LABORATÓRIO AVANÇADO DE MÉTODOS AGÉIS E SOFTWARE LIVRE",36,"8668 - LABORATÓRIO AVANÇADO DE MÉTODOS AGÉIS E SOFTWARE LIVRE",
"4:f4b58906-e3ae-4787-871e-1af324202838:307","UCS",6,"3047","ELETIVA",42,"MULTIMÍDIA",30,"3047 - MULTIMÍDIA",
"4:f4b58906-e3ae-4787-871e-1af324202838:313","UCS",6,"3581","ELETIVA",48,"PROCESSAMENTO DE IMAGENS",24,"3581 - PROCESSAMENTO DE IMAGENS",
"4:f4b58906-e3ae-4787-871e-1af324202838:332","UCS",6,"6165","ELETIVA",48,"RECUPERAÇÃO DE INFORMAÇÃO MULTIMÍDIA",24,"6165 - RECUPERAÇÃO DE INFORMAÇÃO MULTIMÍDIA",
"4:f4b58906-e3ae-4787-871e-1af324202838:334","UCS",6,"9014","ELETIVA",72,"REDES NEURAIS E APRENDIZADO PROFUNDO",0,"9014 - REDES NEURAIS E APRENDIZADO PROFUNDO",
"4:f4b58906-e3ae-4787-871e-1af324202838:362","UCS",6,"6167","ELETIVA",36,"TÓPICOS EM FUNDAMENTOS DA COMPUTAÇÃO II",36,"6167 - TÓPICOS EM FUNDAMENTOS DA COMPUTAÇÃO II",
"4:f4b58906-e3ae-4787-871e-1af324202838:363","UCS",6,"7214","ELETIVA",36,"TÓPICOS EM FUNDAMENTOS DA COMPUTAÇÃO III",36,"7214 - TÓPICOS EM FUNDAMENTOS DA COMPUTAÇÃO III",
"4:f4b58906-e3ae-4787-871e-1af324202838:371","UCS",6,"6169","ELETIVA",36,"TÓPICOS EM TECNOLOGIA DA COMPUTAÇÃO II",36,"6169 - TÓPICOS EM TECNOLOGIA DA COMPUTAÇÃO II",
"4:f4b58906-e3ae-4787-871e-1af324202838:372","UCS",6,"7217","ELETIVA",36,"TÓPICOS EM TECNOLOGIA DA COMPUTAÇÃO III",36,"7217 - TÓPICOS EM TECNOLOGIA DA COMPUTAÇÃO III",
"4:f4b58906-e3ae-4787-871e-1af324202838:378","UCS",6,"6097","INTERDISCIPLINAR",24,"TÓPICOS INTERDISCIPLINARES EM COMPUTAÇÃO IV",12,"6097 - TÓPICOS INTERDISCIPLINARES EM COMPUTAÇÃO IV",
"4:f4b58906-e3ae-4787-871e-1af324202838:22","UCS",2,"5124","ELETIVA",10,"ANATOMIA",26,"5124 - ANATOMIA",4
"4:f4b58906-e3ae-4787-871e-1af324202838:355","UCS",6,"6114","ELETIVA",62,"TECNOLOGIAS ASSISTIVAS",10,"6114 - TECNOLOGIAS ASSISTIVAS",
"4:f4b58906-e3ae-4787-871e-1af324202838:23","UCS",2,"9823","ELETIVA",0,"ATIVIDADES COMPLEMENTARES EXTENSIONISTAS I",36,"9823 - ATIVIDADES COMPLEMENTARES EXTENSIONISTAS I",36
"4:f4b58906-e3ae-4787-871e-1af324202838:47","UCS",3,"5739","ELETIVA",36,"BIOLOGIA DO DESENVOLVIMENTO",0,"5739 - BIOLOGIA DO DESENVOLVIMENTO",8
"4:f4b58906-e3ae-4787-871e-1af324202838:26","UCS",2,"5870","FIXA",36,"CIÊNCIA, TECNOLOGIA, SOCIEDADE E AMBIENTE",0,,
"4:f4b58906-e3ae-4787-871e-1af324202838:27","UCS",2,"5919","ELETIVA",72,"CULTURA DIGITAL",0,,
"4:f4b58906-e3ae-4787-871e-1af324202838:28","UCS",2,"4369","FIXA",72,"FENÔMENOS MECÂNICOS",0,,
"4:f4b58906-e3ae-4787-871e-1af324202838:29","UCS",2,"2650","ELETIVA",64,"GEOMETRIA ANALÍTICA",8,,
"4:f4b58906-e3ae-4787-871e-1af324202838:30","UCS",2,"6069","ELETIVA",36,"INTRODUÇÃO À ECONOMIA GLOBAL",0,,
"4:f4b58906-e3ae-4787-871e-1af324202838:31","UCS",2,"4380","ELETIVA",36,"INTRODUÇÃO À ENGENHARIA BIOMÉDICA",0,,
"4:f4b58906-e3ae-4787-871e-1af324202838:32","UCS",2,"4373","INTERDISCIPLINAR",36,"INTRODUÇÃO À ENGENHARIA DE MATERIAIS",0,,8
"4:f4b58906-e3ae-4787-871e-1af324202838:33","UCS",2,"6050","ELETIVA",58,"INTRODUÇÃO À LÓGICA FUZZY",14,,
"4:f4b58906-e3ae-4787-871e-1af324202838:34","UCS",2,"6034","ELETIVA",72,"LEGISLAÇÃO AMBIENTAL E POLÍTICAS PÚBLICAS",0,,
"4:f4b58906-e3ae-4787-871e-1af324202838:35","UCS",2,"2201","ELETIVA",36,"MATEMÁTICA DISCRETA",36,,
"4:f4b58906-e3ae-4787-871e-1af324202838:37","UCS",2,"4374","ELETIVA",28,"METODOLOGIA DA PESQUISA E COMUNICAÇÃO CIENTÍFICA",8,,
"4:f4b58906-e3ae-4787-871e-1af324202838:38","UCS",2,"5120","ELETIVA",72,"MICROBIOLOGIA GERAL",0,,
"4:f4b58906-e3ae-4787-871e-1af324202838:40","UCS",2,"6070","ELETIVA",36,"RELAÇÕES ÉTNICO-RACIAIS E CULTURA AFRO-BRASILEIRA E INDÍGENA",0,,
"4:f4b58906-e3ae-4787-871e-1af324202838:42","UCS",3,"2475","ELETIVA",62,"ÁLGEBRA LINEAR",10,,
"4:f4b58906-e3ae-4787-871e-1af324202838:45","UCS",3,"5775","INTERDISCIPLINAR",36,"ALTERIDADE E DIVERSIDADE NO BRASIL: IMPLICAÇÕES PARA POLÍTICA DE C&T",0,,
"4:f4b58906-e3ae-4787-871e-1af324202838:46","UCS",3,"5095","INTERDISCIPLINAR",30,"ANÁLISE DE INVESTIMENTOS E RISCOS",42,,
"4:f4b58906-e3ae-4787-871e-1af324202838:50","UCS",3,"5115","ELETIVA",72,"CIDADANIA, CIÊNCIA E POLÊMICA",0,,
"4:f4b58906-e3ae-4787-871e-1af324202838:51","UCS",3,"3518","ELETIVA",52,"CIRCUITOS DIGITAIS",20,,20
"4:f4b58906-e3ae-4787-871e-1af324202838:52","UCS",3,"5774","ELETIVA",72,"COMBINATÓRIA ENUMERATIVA",0,,
"4:f4b58906-e3ae-4787-871e-1af324202838:53","UCS",3,"6076","INTERDISCIPLINAR",18,"CULTURA DOS JOGOS DIGITAIS",18,,
"4:f4b58906-e3ae-4787-871e-1af324202838:55","UCS",3,"4348","ELETIVA",72,"FENÔMENOS DO CONTÍNUO",0,,
"4:f4b58906-e3ae-4787-871e-1af324202838:56","UCS",3,"4538","ELETIVA",0,"FENÔMENOS MECÂNICOS EXPERIMENTAL",36,,
"4:f4b58906-e3ae-4787-871e-1af324202838:57","UCS",3,"5746","ELETIVA",72,"FÍSICA GERAL",0,,
"4:f4b58906-e3ae-4787-871e-1af324202838:58","UCS",3,"8215","ELETIVA",60,"FISIOLOGIA HUMANA I",12,,
"4:f4b58906-e3ae-4787-871e-1af324202838:59","UCS",3,"4404","INTERDISCIPLINAR",62,"FUNDAMENTOS DE MECÂNICA CELESTE",10,,
"4:f4b58906-e3ae-4787-871e-1af324202838:60","UCS",3,"9819","INTERDISCIPLINAR",36,"INICIAÇÃO AOS PEPICT I",0,,36
"4:f4b58906-e3ae-4787-871e-1af324202838:61","UCS",3,"9820","INTERDISCIPLINAR",36,"INICIAÇÃO AOS PEPICT II",0,,36
"4:f4b58906-e3ae-4787-871e-1af324202838:63","UCS",3,"5845","INTERDISCIPLINAR",0,"LABORATÓRIO DE BIOQUÍMICA",72,,
"4:f4b58906-e3ae-4787-871e-1af324202838:64","UCS",3,"5121","ELETIVA",72,"MICROBIOLOGIA APLICADA E INDUSTRIAL",0,,36
"4:f4b58906-e3ae-4787-871e-1af324202838:66","UCS",3,"9822","ELETIVA",30,"MODELAGEM DE DADOS APLICADA AOS NEGÓCIOS",42,,
"4:f4b58906-e3ae-4787-871e-1af324202838:67","UCS",3,"4774","INTERDISCIPLINAR",36,"MUDANÇA DO CLIMA E SOCIEDADE",0,,
"4:f4b58906-e3ae-4787-871e-1af324202838:68","UCS",3,"9903","ELETIVA",18,"NEUROCIÊNCIA APLICADA AO COTIDIANO",18,,
"4:f4b58906-e3ae-4787-871e-1af324202838:69","UCS",3,"6071","ELETIVA",36,"POLÍTICA CIENTÍFICA E TECNOLÓGICA (PC&T)",0,,
"4:f4b58906-e3ae-4787-871e-1af324202838:75","UCS",3,"4537","INTERDISCIPLINAR",36,"TECNOLOGIA E MEIO AMBIENTE",0,,12
"4:f4b58906-e3ae-4787-871e-1af324202838:76","UCS",3,"6072","INTERDISCIPLINAR",36,"TECNOLOGIA SOCIAL: PRÁXIS E CONTRA-HEGEMONIA",0,,
"4:f4b58906-e3ae-4787-871e-1af324202838:77","UCS",3,"5887","ELETIVA",36,"TEORIA DAS FINANÇAS",0,,
"4:f4b58906-e3ae-4787-871e-1af324202838:78","UCS",3,"6073","INTERDISCIPLINAR",36,"TÓPICOS EM CIÊNCIA E TECNOLOGIA I",0,,
"4:f4b58906-e3ae-4787-871e-1af324202838:80","UCS",3,"6052","ELETIVA",72,"TOPOLOGIA GERAL",0,,
"4:f4b58906-e3ae-4787-871e-1af324202838:81","UCS",4,"5373","ELETIVA",72,"ÁLGEBRA LINEAR II",0,,
"4:f4b58906-e3ae-4787-871e-1af324202838:83","UCS",4,"9824","ELETIVA",0,"ATIVIDADES COMPLEMENTARES EXTENSIONISTAS II",36,,36
"4:f4b58906-e3ae-4787-871e-1af324202838:84","UCS",4,"5740","ELETIVA",72,"BIOLOGIA GERAL",0,,
"4:f4b58906-e3ae-4787-871e-1af324202838:85","UCS",4,"5847","ELETIVA",72,"BIOQUÍMICA II",0,,
"4:f4b58906-e3ae-4787-871e-1af324202838:87","UCS",4,"6045","ELETIVA",72,"CÁLCULO VARIACIONAL",0,,
"4:f4b58906-e3ae-4787-871e-1af324202838:89","UCS",4,"5902","ELETIVA",72,"CIRCUITOS ELÉTRICOS I",0,,
"4:f4b58906-e3ae-4787-871e-1af324202838:90","UCS",4,"6046","INTERDISCIPLINAR",62,"CÓDIGOS CORRETORES DE ERROS",10,,
"4:f4b58906-e3ae-4787-871e-1af324202838:91","UCS",4,"5900","ELETIVA",18,"DESENHO TÉCNICO BÁSICO",18,,
"4:f4b58906-e3ae-4787-871e-1af324202838:92","UCS",4,"6084","INTERDISCIPLINAR",36,"DIREITOS HUMANOS, MULTICULTURALISMO E C&T",0,,
"4:f4b58906-e3ae-4787-871e-1af324202838:93","UCS",4,"5408","INTERDISCIPLINAR",30,"ECONOMETRIA",42,,
"4:f4b58906-e3ae-4787-871e-1af324202838:94","UCS",4,"6081","ELETIVA",36,"ECONOMIA MONETÁRIA E BANCOS",0,,
"4:f4b58906-e3ae-4787-871e-1af324202838:95","UCS",4,"6077","ELETIVA",36,"ECONOMIA, SOCIEDADE E AMBIENTE",0,,
"4:f4b58906-e3ae-4787-871e-1af324202838:96","UCS",4,"6078","ELETIVA",36,"ENGENHARIA TECIDUAL E BIOFABRICAÇÃO",0,,
"4:f4b58906-e3ae-4787-871e-1af324202838:97","UCS",4,"5140","ELETIVA",72,"FARMACOLOGIA MOLECULAR",0,,
"4:f4b58906-e3ae-4787-871e-1af324202838:98","UCS",4,"5364","ELETIVA",0,"FENÔMENOS DO CONTÍNUO EXPERIMENTAL",36,,
"4:f4b58906-e3ae-4787-871e-1af324202838:99","UCS",4,"4748","ELETIVA",72,"FENÔMENOS ELETROMAGNÉTICOS",0,,
"4:f4b58906-e3ae-4787-871e-1af324202838:100","UCS",4,"8272","ELETIVA",60,"FISIOLOGIA HUMANA II",12,,
"4:f4b58906-e3ae-4787-871e-1af324202838:101","UCS",4,"6115","ELETIVA",72,"FISIOPATOLOGIA CLÍNICA DOS SISTEMAS HUMANOS",0,,
"4:f4b58906-e3ae-4787-871e-1af324202838:102","UCS",4,"3584","ELETIVA",62,"FUNÇÕES ANALÍTICAS",10,,
"4:f4b58906-e3ae-4787-871e-1af324202838:103","UCS",4,"5119","ELETIVA",72,"FUNDAMENTOS DE ENGENHARIA BIOQUÍMICA",0,,
"4:f4b58906-e3ae-4787-871e-1af324202838:105","UCS",4,"6082","ELETIVA",30,"INTRODUÇÃO À ENGENHARIA FINANCEIRA",42,,
"4:f4b58906-e3ae-4787-871e-1af324202838:106","UCS",4,"8042","ELETIVA",36,"INTRODUÇÃO À NEUROCIÊNCIA",36,,
"4:f4b58906-e3ae-4787-871e-1af324202838:107","UCS",4,"4375","INTERDISCIPLINAR",0,"LABORATÓRIO DE BIOLOGIA MOLECULAR E CELULAR",36,,
"4:f4b58906-e3ae-4787-871e-1af324202838:108","UCS",4,"5848","INTERDISCIPLINAR",0,"LABORATÓRIO DE MICROBIOLOGIA",36,,8
"4:f4b58906-e3ae-4787-871e-1af324202838:109","UCS",4,"5928","ELETIVA",8,"LABORATÓRIO DE SISTEMAS COMPUTACIONAIS: CIRCUITOS DIGITAIS",28,,
"4:f4b58906-e3ae-4787-871e-1af324202838:110","UCS",4,"4770","ELETIVA",72,"MECÂNICA GERAL",0,,
"4:f4b58906-e3ae-4787-871e-1af324202838:111","UCS",4,"4547","ELETIVA",62,"MÉTODOS MATEMÁTICOS",10,,
"4:f4b58906-e3ae-4787-871e-1af324202838:112","UCS",4,"8533","ELETIVA",72,"MÉTODOS MATEMÁTICOS PARA A ENGENHARIA",0,,
"4:f4b58906-e3ae-4787-871e-1af324202838:113","UCS",4,"9792","ELETIVA",72,"MÉTODOS MATEMÁTICOS PARA A ENGENHARIA",0,,
"4:f4b58906-e3ae-4787-871e-1af324202838:114","UCS",4,"6083","ELETIVA",36,"ORGANIZAÇÃO INDUSTRIAL",0,,
"4:f4b58906-e3ae-4787-871e-1af324202838:115","UCS",4,"4166","INTERDISCIPLINAR",36,"PLANEJAMENTO DE EXPERIMENTOS",36,,
"4:f4b58906-e3ae-4787-871e-1af324202838:117","UCS",4,"3163","ELETIVA",60,"PROBABILIDADE",12,,
"4:f4b58906-e3ae-4787-871e-1af324202838:119","UCS",4,"3579","ELETIVA",52,"PROJETO E ANÁLISE DE ALGORITMOS",20,,
"4:f4b58906-e3ae-4787-871e-1af324202838:120","UCS",4,"8101","ELETIVA",62,"PROTOTIPAGEM E MANUFATURA ADITIVA",10,,
"4:f4b58906-e3ae-4787-871e-1af324202838:123","UCS",4,"6079","INTERDISCIPLINAR",36,"TÓPICOS EM CIÊNCIA E TECNOLOGIA II",0,,
"4:f4b58906-e3ae-4787-871e-1af324202838:124","UCS",4,"6930","ELETIVA",72,"TÓPICOS ESPECIAIS EM CIÊNCIA E ENGENHARIA DE MATERIAIS I",0,,
"4:f4b58906-e3ae-4787-871e-1af324202838:125","UCS",4,"6941","ELETIVA",36,"TÓPICOS ESPECIAIS EM CIÊNCIA E ENGENHARIA DE MATERIAIS III",0,,
"4:f4b58906-e3ae-4787-871e-1af324202838:127","UCS",5,"4146","ELETIVA",62,"ÁLGEBRA LINEAR COMPUTACIONAL",10,,
"4:f4b58906-e3ae-4787-871e-1af324202838:128","UCS",5,"5132","ELETIVA",72,"ANÁLISE DE SINAIS",0,,
"4:f4b58906-e3ae-4787-871e-1af324202838:130","UCS",5,"9901","ELETIVA",36,"ASPECTOS BÁSICOS DA ERGONOMIA PARA ENGENHEIROS",36,,
"4:f4b58906-e3ae-4787-871e-1af324202838:131","UCS",5,"5384","INTERDISCIPLINAR",36,"BIOÉTICA E BIOSSEGURANÇA",0,,36
"4:f4b58906-e3ae-4787-871e-1af324202838:133","UCS",5,"5760","ELETIVA",72,"BIOQUÍMICA ANALÍTICA",0,,8
"4:f4b58906-e3ae-4787-871e-1af324202838:134","UCS",5,"7232","ELETIVA",56,"CIÊNCIA E ENGENHARIA DE BIOMATERIAIS",16,,8
"4:f4b58906-e3ae-4787-871e-1af324202838:135","UCS",5,"5903","ELETIVA",72,"CIRCUITOS ELÉTRICOS II",0,,
"4:f4b58906-e3ae-4787-871e-1af324202838:138","UCS",5,"5901","ELETIVA",0,"DESENHO TÉCNICO ASSISTIDO POR COMPUTADOR",36,,
"4:f4b58906-e3ae-4787-871e-1af324202838:139","UCS",5,"6106","OPTATIVA",18,"ELABORAÇÃO DE TRABALHOS CIENTÍFICOS E TECN. EM COMPUTAÇÃO",18,,
"4:f4b58906-e3ae-4787-871e-1af324202838:140","UCS",5,"7671","INTERDISCIPLINAR",20,"EMPREENDEDORISMO",16,,
"4:f4b58906-e3ae-4787-871e-1af324202838:141","UCS",5,"5849","INTERDISCIPLINAR",36,"EMPREENDEDORISMO EM BIOTECNOLOGIA",0,,
"4:f4b58906-e3ae-4787-871e-1af324202838:142","UCS",5,"5762","ELETIVA",72,"ENGENHARIA BIOQUÍMICA I",0,,4
"4:f4b58906-e3ae-4787-871e-1af324202838:143","UCS",5,"4545","ELETIVA",72,"EQUAÇÕES DIFERENCIAIS PARCIAIS",0,,8
"4:f4b58906-e3ae-4787-871e-1af324202838:144","UCS",5,"4405","ELETIVA",72,"ESPAÇOS MÉTRICOS",0,,8
"4:f4b58906-e3ae-4787-871e-1af324202838:145","UCS",5,"6054","ELETIVA",62,"ESTATÍSTICA MATEMÁTICA",10,,
"4:f4b58906-e3ae-4787-871e-1af324202838:146","UCS",5,"5136","ELETIVA",72,"FENÔMENOS DE TRANSPORTE",0,,
"4:f4b58906-e3ae-4787-871e-1af324202838:147","UCS",5,"5137","ELETIVA",0,"FENÔMENOS ELETROMAGNÉTICOS EXPERIMENTAL",36,,4
"4:f4b58906-e3ae-4787-871e-1af324202838:148","UCS",5,"4403","ELETIVA",72,"FÍSICA MODERNA",0,,
"4:f4b58906-e3ae-4787-871e-1af324202838:149","UCS",5,"5141","ELETIVA",72,"FISIOPATOLOGIA CARDIORRESPIRATÓRIA",0,,
"4:f4b58906-e3ae-4787-871e-1af324202838:151","UCS",5,"6048","INTERDISCIPLINAR",40,"INTRODUÇÃO À AEROELASTICIDADE",32,,
"4:f4b58906-e3ae-4787-871e-1af324202838:153","UCS",5,"4714","INTERDISCIPLINAR",72,"INTRODUÇÃO À ECOLOGIA",0,,20
"4:f4b58906-e3ae-4787-871e-1af324202838:154","UCS",5,"9802","ELETIVA",36,"INTRODUÇÃO AOS MATERIAIS ELÉTRICOS",0,,
"4:f4b58906-e3ae-4787-871e-1af324202838:155","UCS",5,"6089","ELETIVA",0,"LABORATÓRIO DE CIRCUITOS ELÉTRICOS",36,,
"4:f4b58906-e3ae-4787-871e-1af324202838:156","UCS",5,"6090","ELETIVA",14,"LABORATÓRIO DE SISTEMAS COMPUTACIONAIS: ARQUITETURA E ORGANIZAÇÃO DE COMPUTADORES",58,,
"4:f4b58906-e3ae-4787-871e-1af324202838:158","UCS",5,"8239","INTERDISCIPLINAR",36,"MARKETING ESTRATÉGICO",0,,
"4:f4b58906-e3ae-4787-871e-1af324202838:159","UCS",5,"5142","ELETIVA",60,"MATERIAIS CERÂMICOS",12,,8
"4:f4b58906-e3ae-4787-871e-1af324202838:160","UCS",5,"5143","ELETIVA",52,"MATERIAIS METÁLICOS",20,,8
"4:f4b58906-e3ae-4787-871e-1af324202838:161","UCS",5,"5144","ELETIVA",60,"MATERIAIS POLIMÉRICOS",12,,8
"4:f4b58906-e3ae-4787-871e-1af324202838:162","UCS",5,"6056","ELETIVA",62,"MODELOS LINEARES GENERALIZADOS",10,,
"4:f4b58906-e3ae-4787-871e-1af324202838:164","UCS",5,"4402","ELETIVA",58,"OTIMIZAÇÃO NÃO LINEAR",14,,8
"4:f4b58906-e3ae-4787-871e-1af324202838:166","UCS",5,"4147","ELETIVA",62,"PROCESSOS ESTOCÁSTICOS",10,,
"4:f4b58906-e3ae-4787-871e-1af324202838:167","UCS",5,"9722","ELETIVA",0,"PROGRAMAÇÃO EM PYTHON APLICADA À ENGENHARIA BIOMÉDICA",36,,
"4:f4b58906-e3ae-4787-871e-1af324202838:168","UCS",5,"4663","ELETIVA",36,"PROGRAMAÇÃO PARALELA E PROCESSAMENTO DE ALTO DESEMPENHO",36,,
"4:f4b58906-e3ae-4787-871e-1af324202838:169","UCS",5,"5168","ELETIVA",36,"PROJETO ORIENTADO A OBJETOS",36,,
"4:f4b58906-e3ae-4787-871e-1af324202838:171","UCS",5,"6674","ELETIVA",36,"RECICLAGEM DE MATERIAIS",0,,
"4:f4b58906-e3ae-4787-871e-1af324202838:172","UCS",5,"5145","ELETIVA",72,"RESISTÊNCIA DOS MATERIAIS",0,,
"4:f4b58906-e3ae-4787-871e-1af324202838:176","UCS",5,"10245","ELETIVA",18,"SOFT SKILLS BASEADA EM NEUROCIÊNCIA",18,,
"4:f4b58906-e3ae-4787-871e-1af324202838:177","UCS",5,"4406","INTERDISCIPLINAR",62,"TEORIA DOS NÚMEROS E CRIPTOGRAFIA",10,,
"4:f4b58906-e3ae-4787-871e-1af324202838:178","UCS",5,"6091","INTERDISCIPLINAR",36,"TÓPICOS EM CIÊNCIA E TECNOLOGIA III",0,,
"4:f4b58906-e3ae-4787-871e-1af324202838:180","UCS",5,"9828","ELETIVA",0,"TÓPICOS EM MATEMÁTICA E SOCIEDADE I",36,,36
"4:f4b58906-e3ae-4787-871e-1af324202838:182","UCS",5,"6931","ELETIVA",72,"TÓPICOS ESPECIAIS EM CIÊNCIA E ENGENHARIA DE MATERIAIS II",0,,
"4:f4b58906-e3ae-4787-871e-1af324202838:183","UCS",5,"6942","ELETIVA",64,"TÓPICOS ESPECIAIS EM CIÊNCIA E ENGENHARIA DE MATERIAIS IV",8,,
"4:f4b58906-e3ae-4787-871e-1af324202838:185","UCS",6,"6044","ELETIVA",72,"ANÁLISE DO RN",0,,
"4:f4b58906-e3ae-4787-871e-1af324202838:186","UCS",6,"6053","ELETIVA",62,"ANÁLISE MULTIVARIADA",10,,
"4:f4b58906-e3ae-4787-871e-1af324202838:187","UCS",6,"5918","ELETIVA",72,"ANÁLISE REAL II",0,,
"4:f4b58906-e3ae-4787-871e-1af324202838:190","UCS",6,"4782","ELETIVA",32,"ASPECTOS DE IMPLEMENTAÇÃO DE BANCO DE DADOS",40,,
"4:f4b58906-e3ae-4787-871e-1af324202838:191","UCS",6,"9825","ELETIVA",0,"ATIVIDADES COMPLEMENTARES EXTENSIONISTAS III",36,,36
"4:f4b58906-e3ae-4787-871e-1af324202838:192","UCS",6,"6110","ELETIVA",36,"AVANÇOS EM ENGENHARIA BIOMÉDICA",0,,
"4:f4b58906-e3ae-4787-871e-1af324202838:194","UCS",6,"6111","ELETIVA",72,"BIOENGENHARIA",0,,
"4:f4b58906-e3ae-4787-871e-1af324202838:195","UCS",6,"5133","ELETIVA",36,"BIOÉTICA",0,,
"4:f4b58906-e3ae-4787-871e-1af324202838:196","UCS",6,"6093","ELETIVA",72,"BIOFÍSICA",0,,
"4:f4b58906-e3ae-4787-871e-1af324202838:197","UCS",6,"5856","ELETIVA",36,"BIOINFORMÁTICA AVANÇADA",36,,
"4:f4b58906-e3ae-4787-871e-1af324202838:198","UCS",6,"5853","ELETIVA",36,"BIOLOGIA ESTRUTURAL",36,,
"4:f4b58906-e3ae-4787-871e-1af324202838:199","UCS",6,"9917","ELETIVA",72,"BIOLOGIA MOLECULAR DA CÉLULA AVANÇADA",0,,
"4:f4b58906-e3ae-4787-871e-1af324202838:200","UCS",6,"5776","ELETIVA",36,"BIOMECÂNICA",36,,20
"4:f4b58906-e3ae-4787-871e-1af324202838:201","UCS",6,"8216","ELETIVA",36,"BIOMECÂNICA APLICADA À REABILITAÇÃO E AO ESPORTE",36,,
"4:f4b58906-e3ae-4787-871e-1af324202838:203","UCS",6,"5857","ELETIVA",72,"BIOTECNOLOGIA AMBIENTAL I",0,,16
"4:f4b58906-e3ae-4787-871e-1af324202838:204","UCS",6,"5865","ELETIVA",72,"BIOTECNOLOGIA AMBIENTAL II",0,,12
"4:f4b58906-e3ae-4787-871e-1af324202838:205","UCS",6,"5858","ELETIVA",72,"BIOTECNOLOGIA ANIMAL",0,,
"4:f4b58906-e3ae-4787-871e-1af324202838:206","UCS",6,"6088","ELETIVA",72,"BIOTECNOLOGIA DE ENERGIAS RENOVÁVEIS I",0,,12
"4:f4b58906-e3ae-4787-871e-1af324202838:207","UCS",6,"5863","ELETIVA",72,"BIOTECNOLOGIA DE ENERGIAS RENOVÁVEIS II",0,,12
"4:f4b58906-e3ae-4787-871e-1af324202838:208","UCS",6,"5867","ELETIVA",64,"BIOTECNOLOGIA VEGETAL",8,,
"4:f4b58906-e3ae-4787-871e-1af324202838:209","UCS",6,"6666","ELETIVA",72,"BLENDAS POLIMÉRICAS",0,,16
"4:f4b58906-e3ae-4787-871e-1af324202838:210","UCS",6,"5859","ELETIVA",64,"BOTÂNICA E FISIOLOGIA VEGETAL",8,,
"4:f4b58906-e3ae-4787-871e-1af324202838:211","UCS",6,"5875","ELETIVA",36,"CERÂMICAS REFRATÁRIAS",0,,
"4:f4b58906-e3ae-4787-871e-1af324202838:213","UCS",6,"2615","ELETIVA",36,"COMPILADORES",36,,
"4:f4b58906-e3ae-4787-871e-1af324202838:214","UCS",6,"8532","ELETIVA",36,"CONDICIONAMENTO ANALÓGICO DE SINAIS",36,,
"4:f4b58906-e3ae-4787-871e-1af324202838:215","UCS",6,"5386","ELETIVA",36,"CONTROLE DE SISTEMAS DINÂMICOS",36,,
"4:f4b58906-e3ae-4787-871e-1af324202838:216","UCS",6,"7670","ELETIVA",36,"CONTROLE DIGITAL",36,,
"4:f4b58906-e3ae-4787-871e-1af324202838:217","UCS",6,"5881","ELETIVA",72,"CORROSÃO E DEGRADAÇÃO DE MATERIAIS",0,,8
"4:f4b58906-e3ae-4787-871e-1af324202838:218","UCS",6,"4381","ELETIVA",36,"CULTURA DE CÉLULAS",0,,
"4:f4b58906-e3ae-4787-871e-1af324202838:219","UCS",6,"4171","ELETIVA",72,"DESAFIOS DE PROGRAMAÇÃO",0,,
"4:f4b58906-e3ae-4787-871e-1af324202838:222","UCS",6,"7493","ELETIVA",18,"DESENVOLVIMENTO DE NOVOS NEGÓCIOS EM ENGENHARIA BIOMÉDICA",18,,
"4:f4b58906-e3ae-4787-871e-1af324202838:223","UCS",6,"8041","ELETIVA",36,"DESENVOLVIMENTO INTEGRADO DE PRODUTOS",0,,
"4:f4b58906-e3ae-4787-871e-1af324202838:224","UCS",6,"5869","ELETIVA",72,"ECOLOGIA AVANÇADA",0,,
"4:f4b58906-e3ae-4787-871e-1af324202838:225","UCS",6,"8531","ELETIVA",72,"EFEITOS BIOLÓGICOS DAS RADIAÇÕES IONIZANTES",0,,
"4:f4b58906-e3ae-4787-871e-1af324202838:226","UCS",6,"6062","ELETIVA",72,"ELEMENTOS DE ÁLGEBRA",0,,
"4:f4b58906-e3ae-4787-871e-1af324202838:227","UCS",6,"8642","ELETIVA",60,"ELETIVA,- CIDADES: LINGUAGENS, NARRATIVAS E EXPERIÊNCIAS URBANAS",0,,
"4:f4b58906-e3ae-4787-871e-1af324202838:228","UCS",6,"8521","ELETIVA",50,"ELETRÔNICA",22,,
"4:f4b58906-e3ae-4787-871e-1af324202838:229","UCS",6,"5410","ELETIVA",72,"ENERGIA, SOCIEDADE E MEIO AMBIENTE",0,,
"4:f4b58906-e3ae-4787-871e-1af324202838:230","UCS",6,"5851","ELETIVA",72,"ENGENHARIA BIOQUÍMICA II",0,,4
"4:f4b58906-e3ae-4787-871e-1af324202838:231","UCS",6,"5890","ELETIVA",72,"ENGENHARIA CERÂMICA",0,,
"4:f4b58906-e3ae-4787-871e-1af324202838:232","UCS",6,"6107","ELETIVA",36,"ENGENHARIA CLÍNICA HOSPITALAR APLICADA",36,,16
"4:f4b58906-e3ae-4787-871e-1af324202838:233","UCS",6,"9689","ELETIVA",72,"ENGENHARIA DE MICROESTRUTURA DE METAIS E LIGAS",0,,
"4:f4b58906-e3ae-4787-871e-1af324202838:234","UCS",6,"6682","ELETIVA",72,"ENGENHARIA DE PRODUTOS CERÂMICOS",0,,6
"4:f4b58906-e3ae-4787-871e-1af324202838:235","UCS",6,"2614","ELETIVA",36,"ENGENHARIA DE SOFTWARE",36,,16
"4:f4b58906-e3ae-4787-871e-1af324202838:236","UCS",6,"6112","ELETIVA",36,"ENGENHARIA MÉDICA APLICADA",36,,
"4:f4b58906-e3ae-4787-871e-1af324202838:237","UCS",6,"5868","INTERDISCIPLINAR",72,"ENGENHARIA TECIDUAL E MEDICINA REGENERATIVA",0,,20
"4:f4b58906-e3ae-4787-871e-1af324202838:238","UCS",6,"5387","ELETIVA",52,"ENSAIOS DE MATERIAIS",20,,8
"4:f4b58906-e3ae-4787-871e-1af324202838:239","UCS",6,"6094","ELETIVA",72,"EQUAÇÕES DIFERENCIAIS ORDINÁRIAS",0,,
"4:f4b58906-e3ae-4787-871e-1af324202838:240","UCS",6,"5871","ELETIVA",60,"ESTRUTURA E PROPRIEDADES DE POLÍMEROS",12,,8
"4:f4b58906-e3ae-4787-871e-1af324202838:241","UCS",6,"9902","ELETIVA",72,"FENÔMENOS DE TRANSPORTE APLICADOS A SISTEMAS BIOLÓGICOS",0,,
"4:f4b58906-e3ae-4787-871e-1af324202838:242","UCS",6,"9817","INTERDISCIPLINAR",36,"FENÔMENOS ÓPTICOS",36,,8
"4:f4b58906-e3ae-4787-871e-1af324202838:243","UCS",6,"5761","ELETIVA",0,"FÍSICA MODERNA EXPERIMENTAL",72,,8
"4:f4b58906-e3ae-4787-871e-1af324202838:244","UCS",6,"6047","INTERDISCIPLINAR",58,"FLUXOS EM REDES",14,,
"4:f4b58906-e3ae-4787-871e-1af324202838:245","UCS",6,"9794","ELETIVA",20,"FUNDAMENTOS DE ADMINISTRAÇÃO",16,,
"4:f4b58906-e3ae-4787-871e-1af324202838:246","UCS",6,"9803","ELETIVA",36,"FUNDAMENTOS DE ELETRÔNICA APLICADA",0,,
"4:f4b58906-e3ae-4787-871e-1af324202838:247","UCS",6,"5777","ELETIVA",36,"FUNDAMENTOS DE MATLAB APLICADO À ENGENHARIA",36,,
"4:f4b58906-e3ae-4787-871e-1af324202838:248","UCS",6,"9877","ELETIVA",72,"FUNDAMENTOS DE QUÍMICA MEDICINAL",0,,8
"4:f4b58906-e3ae-4787-871e-1af324202838:249","UCS",6,"4424","ELETIVA",36,"GEOMETRIA ANALÍTICA II",0,,
"4:f4b58906-e3ae-4787-871e-1af324202838:250","UCS",6,"8650","INTERDISCIPLINAR",36,"GESTÃO DA INOVAÇÃO",0,,
"4:f4b58906-e3ae-4787-871e-1af324202838:251","UCS",6,"5886","INTERDISCIPLINAR",20,"GESTÃO DE PROJETOS",16,,
"4:f4b58906-e3ae-4787-871e-1af324202838:252","UCS",6,"4165","ELETIVA",36,"IMAGENS BIOMÉDICAS",36,,
"4:f4b58906-e3ae-4787-871e-1af324202838:253","UCS",6,"5864","ELETIVA",72,"IMUNOLOGIA APLICADA",0,,
"4:f4b58906-e3ae-4787-871e-1af324202838:254","UCS",6,"5855","ELETIVA",72,"IMUNOLOGIA GERAL",0,,
"4:f4b58906-e3ae-4787-871e-1af324202838:256","UCS",6,"8273","ELETIVA",48,"INSTRUMENTOS BIOMÉDICOS",24,,20
"4:f4b58906-e3ae-4787-871e-1af324202838:257","UCS",6,"8217","ELETIVA",56,"INSTRUMENTOS ELETROMÉDICOS",16,,12
"4:f4b58906-e3ae-4787-871e-1af324202838:258","UCS",6,"5781","ELETIVA",54,"INTERAÇÃO HUMANO-COMPUTADOR",18,,
"4:f4b58906-e3ae-4787-871e-1af324202838:259","UCS",6,"9880","ELETIVA",54,"INTERAÇÃO HUMANO-COMPUTADOR E EXPERIÊNCIA DO USUÁRIO (UX)",18,,16
"4:f4b58906-e3ae-4787-871e-1af324202838:261","UCS",6,"9509","ELETIVA",72,"INTRODUÇÃO À ANALISE DE FALHAS EM METAIS",0,,12
"4:f4b58906-e3ae-4787-871e-1af324202838:262","UCS",6,"6049","ELETIVA",72,"INTRODUÇÃO À ANÁLISE FUNCIONAL",0,,
"4:f4b58906-e3ae-4787-871e-1af324202838:263","UCS",6,"5390","INTERDISCIPLINAR",72,"INTRODUÇÃO À BIOLOGIA DE SISTEMAS",0,,12
"4:f4b58906-e3ae-4787-871e-1af324202838:264","UCS",6,"9793","ELETIVA",36,"INTRODUÇÃO À ECONOMIA",0,,
"4:f4b58906-e3ae-4787-871e-1af324202838:265","UCS",6,"5453","ELETIVA",36,"INTRODUÇÃO À ELETROTÉCNICA",0,,4
"4:f4b58906-e3ae-4787-871e-1af324202838:266","UCS",6,"6085","ELETIVA",72,"INTRODUÇÃO À GEOMETRIA DIFERENCIAL",0,,8
"4:f4b58906-e3ae-4787-871e-1af324202838:267","UCS",6,"7583","ELETIVA",72,"INTRODUÇÃO À ÓTICA BIOMÉDICA",0,,
"4:f4b58906-e3ae-4787-871e-1af324202838:268","UCS",6,"4412","ELETIVA",64,"INTRODUÇÃO À PESQUISA OPERACIONAL",8,,
"4:f4b58906-e3ae-4787-871e-1af324202838:269","UCS",6,"8529","ELETIVA",72,"INTRODUÇÃO À TEORIA DOS SISTEMAS DINÂMICOS",0,,
"4:f4b58906-e3ae-4787-871e-1af324202838:270","UCS",6,"7977","OPTATIVA",40,"INTRODUÇÃO AO DESENVOLVIMENTO DE JOGOS DIGITAIS",0,,
"4:f4b58906-e3ae-4787-871e-1af324202838:272","UCS",6,"6899","OPTATIVA",40,"JOGOS, GAMES E GAMIFICAÇÃO",0,,
"4:f4b58906-e3ae-4787-871e-1af324202838:274","UCS",6,"5850","ELETIVA",0,"LABORATÓRIO DE BIOQUÍMICA ANALÍTICA",36,,
"4:f4b58906-e3ae-4787-871e-1af324202838:275","UCS",6,"9806","ELETIVA",8,"LABORATÓRIO DE CONTROLE APLICADO",28,,
"4:f4b58906-e3ae-4787-871e-1af324202838:276","UCS",6,"5930","ELETIVA",0,"LABORATÓRIO DE ELETRÔNICA DIGITAL",36,,
"4:f4b58906-e3ae-4787-871e-1af324202838:277","UCS",6,"5852","INTERDISCIPLINAR",0,"LABORATÓRIO DE ENGENHARIA BIOQUÍMICA",36,,
"4:f4b58906-e3ae-4787-871e-1af324202838:278","UCS",6,"6055","ELETIVA",36,"LABORATÓRIO DE ESTATÍSTICA APLICADA",36,,
"4:f4b58906-e3ae-4787-871e-1af324202838:279","UCS",6,"5412","ELETIVA",58,"LABORATÓRIO DE METODOLOGIAS ÁGEIS",14,,
"4:f4b58906-e3ae-4787-871e-1af324202838:280","UCS",6,"6098","ELETIVA",14,"LABORATÓRIO DE SISTEMAS COMPUTACIONAIS: COMPILADORES",58,,
"4:f4b58906-e3ae-4787-871e-1af324202838:281","UCS",6,"8271","ELETIVA",36,"LABORATÓRIO DE SISTEMAS COMPUTACIONAIS: COMUNICAÇÃO DIGITAL",36,,
"4:f4b58906-e3ae-4787-871e-1af324202838:282","UCS",6,"6095","ELETIVA",8,"LABORATÓRIO DE SISTEMAS COMPUTACIONAIS: ENGENHARIA DE SISTEMAS",28,,
"4:f4b58906-e3ae-4787-871e-1af324202838:283","UCS",6,"6109","ELETIVA",8,"LABORATÓRIO DE SISTEMAS COMPUTACIONAIS: REDES DE COMPUTADORES",28,,
"4:f4b58906-e3ae-4787-871e-1af324202838:284","UCS",6,"6102","ELETIVA",14,"LABORATÓRIO DE SISTEMAS COMPUTACIONAIS: SISTEMAS OPERACIONAIS",58,,
"4:f4b58906-e3ae-4787-871e-1af324202838:285","UCS",6,"5937","ELETIVA",24,"LABORATÓRIO DE USABILIDADE NA WEB",48,,
"4:f4b58906-e3ae-4787-871e-1af324202838:286","UCS",6,"5470","OPTATIVA",60,"LIBRAS - EAD",0,,
"4:f4b58906-e3ae-4787-871e-1af324202838:287","UCS",6,"4775","ELETIVA",36,"MACROECONOMIA",0,,
"4:f4b58906-e3ae-4787-871e-1af324202838:288","UCS",6,"9016","ELETIVA",72,"MANUFATURA ADITIVA",0,,
"4:f4b58906-e3ae-4787-871e-1af324202838:289","UCS",6,"7580","ELETIVA",72,"MATERIAIS AEROESPACIAIS",0,,
"4:f4b58906-e3ae-4787-871e-1af324202838:290","UCS",6,"5393","ELETIVA",64,"MATERIAIS COMPÓSITOS",8,,4
"4:f4b58906-e3ae-4787-871e-1af324202838:291","UCS",6,"6927","ELETIVA",72,"MATERIAIS DE CONSTRUÇÃO CIVIL",0,,
"4:f4b58906-e3ae-4787-871e-1af324202838:292","UCS",6,"5784","ELETIVA",56,"MATÉRIAS-PRIMAS CERÂMICAS",16,,6
"4:f4b58906-e3ae-4787-871e-1af324202838:293","UCS",6,"5889","ELETIVA",72,"MECÂNICA DA FRATURA",0,,
"4:f4b58906-e3ae-4787-871e-1af324202838:295","UCS",6,"8649","ELETIVA",52,"METALURGIA DE LIGAS AERONÁUTICAS",20,,12
"4:f4b58906-e3ae-4787-871e-1af324202838:296","UCS",6,"5888","ELETIVA",28,"METALURGIA DO PÓ",8,,
"4:f4b58906-e3ae-4787-871e-1af324202838:297","UCS",6,"5878","ELETIVA",36,"METALURGIA EXTRATIVA",0,,2
"4:f4b58906-e3ae-4787-871e-1af324202838:298","UCS",6,"6671","ELETIVA",72,"METALURGIA FÍSICA",0,,6
"4:f4b58906-e3ae-4787-871e-1af324202838:299","UCS",6,"6928","ELETIVA",72,"METALURGIA MECÂNICA",0,,6
"4:f4b58906-e3ae-4787-871e-1af324202838:300","UCS",6,"5922","ELETIVA",36,"MÉTODOS AVANÇADOS EM PROCESSAMENTO DE IMAGENS BIOMÉDICAS",36,,
"4:f4b58906-e3ae-4787-871e-1af324202838:301","UCS",6,"8043","ELETIVA",36,"MÉTODOS ESTATÍSTICOS MULTIVARIADOS",36,,
"4:f4b58906-e3ae-4787-871e-1af324202838:302","UCS",6,"6104","INTERDISCIPLINAR",58,"MÉTODOS NUMÉRICOS PARA EQUAÇÕES DIFERENCIAIS",14,,8
"4:f4b58906-e3ae-4787-871e-1af324202838:303","UCS",6,"6051","INTERDISCIPLINAR",58,"MÉTODOS PROBABILÍSTICOS EM PESQUISA OPERACIONAL",14,,
"4:f4b58906-e3ae-4787-871e-1af324202838:305","UCS",6,"5861","ELETIVA",36,"MODELAGEM MOLECULAR",36,,
"4:f4b58906-e3ae-4787-871e-1af324202838:306","UCS",6,"5866","ELETIVA",72,"MODELOS ANIMAIS",0,,
"4:f4b58906-e3ae-4787-871e-1af324202838:308","UCS",6,"5394","ELETIVA",72,"OPERAÇÕES UNITÁRIAS",0,,
"4:f4b58906-e3ae-4787-871e-1af324202838:309","UCS",6,"5102","INTERDISCIPLINAR",72,"OTIMIZAÇÃO INTEIRA",0,,8
"4:f4b58906-e3ae-4787-871e-1af324202838:310","UCS",6,"2199","ELETIVA",36,"PARADIGMAS DE PROGRAMAÇÃO",36,,
"4:f4b58906-e3ae-4787-871e-1af324202838:311","UCS",6,"7673","ELETIVA",56,"PRÁTICAS DE EXTENSÃO E DIVULGAÇÃO CIENTÍFICA",16,,
"4:f4b58906-e3ae-4787-871e-1af324202838:312","UCS",6,"9548","ELETIVA",0,"PRÁTICAS EM INSTRUMENTAÇÃO BIOMÉDICA",72,,
"4:f4b58906-e3ae-4787-871e-1af324202838:314","UCS",6,"5938","ELETIVA",72,"PROCESSAMENTO DE MATERIAIS",0,,
"4:f4b58906-e3ae-4787-871e-1af324202838:315","UCS",6,"5873","ELETIVA",56,"PROCESSAMENTO DE MATERIAIS CERÂMICOS",16,,6
"4:f4b58906-e3ae-4787-871e-1af324202838:316","UCS",6,"9797","ELETIVA",52,"PROCESSAMENTO DE MATERIAIS COM LASER",20,,12
"4:f4b58906-e3ae-4787-871e-1af324202838:317","UCS",6,"5877","ELETIVA",60,"PROCESSAMENTO DE MATERIAIS METÁLICOS",12,,6
"4:f4b58906-e3ae-4787-871e-1af324202838:318","UCS",6,"8218","ELETIVA",0,"PROCESSAMENTO DE SINAIS",36,,4
"4:f4b58906-e3ae-4787-871e-1af324202838:319","UCS",6,"5931","ELETIVA",36,"PROCESSAMENTO DE SINAIS BIOMÉDICOS",36,,
"4:f4b58906-e3ae-4787-871e-1af324202838:320","UCS",6,"5879","ELETIVA",56,"PROCESSAMENTO DE TERMOPLÁSTICOS",16,,8
"4:f4b58906-e3ae-4787-871e-1af324202838:321","UCS",6,"9801","ELETIVA",36,"PROCESSAMENTO DE TERMORRÍGIDOS E ELASTÔMEROS",0,,
"4:f4b58906-e3ae-4787-871e-1af324202838:322","UCS",6,"3580","ELETIVA",42,"PROGRAMAÇÃO CONCORRENTE E DISTRIBUÍDA",30,,
"4:f4b58906-e3ae-4787-871e-1af324202838:324","UCS",6,"9795","ELETIVA",0,"PROJETOS EM ENGENHARIA BIOMÉDICA",72,,
"4:f4b58906-e3ae-4787-871e-1af324202838:325","UCS",6,"9882","ELETIVA",72,"PROJETOS EM ENGENHARIA DE COMPUTAÇÃO",0,,72
"4:f4b58906-e3ae-4787-871e-1af324202838:326","UCS",6,"9904","ELETIVA",36,"PROJETOS EXTENSIONISTAS EM ENG. BIOMÉDICA",0,,36
"4:f4b58906-e3ae-4787-871e-1af324202838:327","UCS",6,"9798","ELETIVA",0,"PROJETOS EXTENSIONISTAS ENG. MATERIAIS",72,,72
"4:f4b58906-e3ae-4787-871e-1af324202838:328","UCS",6,"8519","ELETIVA",72,"PROJETOS SUSTENTÁVEIS EM POLÍMEROS",0,,72
"4:f4b58906-e3ae-4787-871e-1af324202838:329","UCS",6,"5860","ELETIVA",36,"PROTEÔMICA",36,,12
"4:f4b58906-e3ae-4787-871e-1af324202838:330","UCS",6,"5885","INTERDISCIPLINAR",20,"QUALIDADE",16,,
"4:f4b58906-e3ae-4787-871e-1af324202838:331","UCS",6,"8530","ELETIVA",72,"RADIOTERAPIA PARA ENGENHARIA",0,,
"4:f4b58906-e3ae-4787-871e-1af324202838:333","UCS",6,"2617","ELETIVA",52,"REDES DE COMPUTADORES",20,,
"4:f4b58906-e3ae-4787-871e-1af324202838:335","UCS",6,"5785","ELETIVA",36,"REOLOGIA DOS MATERIAIS",0,,
"4:f4b58906-e3ae-4787-871e-1af324202838:338","UCS",6,"3819","ELETIVA",36,"SEGURANÇA COMPUTACIONAL",36,,
"4:f4b58906-e3ae-4787-871e-1af324202838:339","UCS",6,"8288","ELETIVA",28,"SEGURANÇA DA INFORMAÇÃO",8,,8
"4:f4b58906-e3ae-4787-871e-1af324202838:340","UCS",6,"9799","INTERDISCIPLINAR",72,"SELEÇÃO DE MATERIAIS",0,,8
"4:f4b58906-e3ae-4787-871e-1af324202838:341","UCS",6,"6101","ELETIVA",36,"SEMINÁRIOS INTERDISCIPLINARES",0,,
"4:f4b58906-e3ae-4787-871e-1af324202838:342","UCS",6,"5786","ELETIVA",52,"SÍNTESE DE POLÍMEROS",20,,
"4:f4b58906-e3ae-4787-871e-1af324202838:343","UCS",6,"8253","OPTATIVA",40,"SISTEMAS COGNITIVOS ARTIFICIAIS NO ENSINO E APRENDIZAGEM",0,,
"4:f4b58906-e3ae-4787-871e-1af324202838:344","UCS",6,"7548","OPTATIVA",40,"SISTEMAS COMPUTACIONAIS COLABORATIVOS",0,,
"4:f4b58906-e3ae-4787-871e-1af324202838:345","UCS",6,"3049","ELETIVA",42,"SISTEMAS DISTRIBUÍDOS",30,,
"4:f4b58906-e3ae-4787-871e-1af324202838:347","UCS",6,"5398","ELETIVA",36,"SISTEMAS MECÂNICOS",36,,20
"4:f4b58906-e3ae-4787-871e-1af324202838:348","UCS",6,"8517","ELETIVA",72,"SOFT SKILLS NA ENGENHARIA",0,,36
"4:f4b58906-e3ae-4787-871e-1af324202838:349","UCS",6,"6929","ELETIVA",60,"SOLDAGEM",12,,8
"4:f4b58906-e3ae-4787-871e-1af324202838:350","UCS",6,"8518","ELETIVA",72,"SUSTENTABILIDADE",0,,36
"4:f4b58906-e3ae-4787-871e-1af324202838:351","UCS",6,"9015","ELETIVA",36,"SUSTENTABILIDADE NO GERENCIAMENTO DE RESÍDUOS",36,,
"4:f4b58906-e3ae-4787-871e-1af324202838:352","UCS",6,"5787","ELETIVA",48,"TÉCNICAS EXPERIMENTAIS",24,,8
"4:f4b58906-e3ae-4787-871e-1af324202838:353","UCS",6,"10126","ELETIVA",72,"TECNOLOGIA DO PVC",0,,
"4:f4b58906-e3ae-4787-871e-1af324202838:354","UCS",6,"5782","ELETIVA",60,"TECNOLOGIA EM TINTAS E VERNIZES",12,,4
"4:f4b58906-e3ae-4787-871e-1af324202838:356","UCS",6,"8522","ELETIVA",36,"TELEMEDICINA",36,,
"4:f4b58906-e3ae-4787-871e-1af324202838:357","UCS",6,"9883","ELETIVA",72,"TEORIA DE GALOIS",0,,
"4:f4b58906-e3ae-4787-871e-1af324202838:358","UCS",6,"2975","ELETIVA",62,"TEORIA DOS GRAFOS",10,,
"4:f4b58906-e3ae-4787-871e-1af324202838:360","UCS",6,"6096","INTERDISCIPLINAR",36,"TÓPICOS EM CIÊNCIA E TECNOLOGIA IV",0,,
"4:f4b58906-e3ae-4787-871e-1af324202838:361","UCS",6,"6943","ELETIVA",36,"TÓPICOS EM ESTATÍSTICA",36,,
"4:f4b58906-e3ae-4787-871e-1af324202838:364","UCS",6,"7215","ELETIVA",72,"TÓPICOS EM FUNDAMENTOS DA COMPUTAÇÃO IV",0,,
"4:f4b58906-e3ae-4787-871e-1af324202838:365","UCS",6,"7216","ELETIVA",36,"TÓPICOS EM FUNDAMENTOS DA COMPUTAÇÃO V",0,,
"4:f4b58906-e3ae-4787-871e-1af324202838:366","UCS",6,"9547","ELETIVA",72,"TÓPICOS EM HISTÓRIA DA MATEMÁTICA",0,,8
"4:f4b58906-e3ae-4787-871e-1af324202838:367","UCS",6,"6060","ELETIVA",36,"TÓPICOS EM MATEMÁTICA COMPUTACIONAL I",36,,
"4:f4b58906-e3ae-4787-871e-1af324202838:368","UCS",6,"6061","ELETIVA",36,"TÓPICOS EM MATEMÁTICA COMPUTACIONAL II",36,,
"4:f4b58906-e3ae-4787-871e-1af324202838:369","UCS",6,"9829","ELETIVA",0,"TÓPICOS EM MATEMÁTICA E SOCIEDADE II",36,,36
"4:f4b58906-e3ae-4787-871e-1af324202838:370","UCS",6,"8219","ELETIVA",72,"TÓPICOS EM RESSONÂNCIA MAGNÉTICA NUCLEAR",0,,
"4:f4b58906-e3ae-4787-871e-1af324202838:373","UCS",6,"7218","ELETIVA",36,"TÓPICOS EM TECNOLOGIA DA COMPUTAÇÃO IV",36,,
"4:f4b58906-e3ae-4787-871e-1af324202838:374","UCS",6,"7219","ELETIVA",36,"TÓPICOS EM TECNOLOGIA DA COMPUTAÇÃO V",36,,
"4:f4b58906-e3ae-4787-871e-1af324202838:375","UCS",6,"9831","ELETIVA",54,"TÓPICOS EM TEORIA DOS NÚMEROS",18,,8
"4:f4b58906-e3ae-4787-871e-1af324202838:376","UCS",6,"9821","INTERDISCIPLINAR",18,"TÓPICOS ESPECIAIS EM ECONOMIA E NEGÓCIOS",18,,18
"4:f4b58906-e3ae-4787-871e-1af324202838:377","UCS",6,"9818","INTERDISCIPLINAR",40,"TÓPICOS ESPECIAIS EM FÍSICA",32,,
"4:f4b58906-e3ae-4787-871e-1af324202838:379","UCS",6,"5763","ELETIVA",52,"TRANSDUÇÃO DE GRANDEZAS BIOMÉDICAS",20,,
"4:f4b58906-e3ae-4787-871e-1af324202838:380","UCS",6,"9800","ELETIVA",36,"TRATAMENTOS TÉRMICOS",36,,6
"4:f4b58906-e3ae-4787-871e-1af324202838:381","UCS",6,"3050","ELETIVA",36,"VALIDAÇÃO E VERIFICAÇÃO DE SOFTWARE",36,,
"4:f4b58906-e3ae-4787-871e-1af324202838:382","UCS",6,"5402","ELETIVA",54,"VIDROS, VITROCERÂMICOS E VIDRADOS",18,,8