categoria,termo,codigo,nome,ch_teorica,ch_pratica,ch_extensao
OPTATIVA,1,8907,ANÁLISE COMBINATÓRIA E PROBABILIDADE,36,0,
OPTATIVA,1,8824,ANÁLISE EXPLORATÓRIA DE DADOS USANDO R,18,0,
FIXA,1,5702,CÁLCULO EM UMA VARIÁVEL,72,36,
FIXA,1,2672,"CIÊNCIA, TECNOLOGIA E SOCIEDADE",36,0,
OPTATIVA,1,8821,"COORDENADAS POLARES, CILÍNDRICAS E ESFÉRICAS",22,0,
OPTATIVA,1,8823,FUNÇÕES TRIGONOMÉTRICAS,22,0,
FIXA,1,5703,FUNDAMENTOS DE BIOLOGIA MODERNA,72,0,
OPTATIVA,1,8962,INTRODUÇÃO À ASTRONOMIA E ASTROFÍSICA,20,0,
OPTATIVA,1,8819,INTRODUÇÃO A RMN,36,0,
OPTATIVA,1,8898,INTRODUÇÃO À TEORIA DE CONJUNTOS FUZZY E APLICAÇÕES,20,0,
OPTATIVA,1,8908,INTRODUÇÃO AO SOFTWARE R,20,0,
ELETIVA,1,7684,LABORATÓRIO DE MATEMÁTICA,0,36,
FIXA,1,9394,LÓGICA DE PROGRAMAÇÃO,42,30,
OPTATIVA,1,8954,NOÇÕES EM EMPREENDEDORISMO E INOVAÇÃO,18,0,
OPTATIVA,1,8909,PRÉ-CÁLCULO,36,0,
OPTATIVA,1,8817,PYTHON PARA ENGENHARIA,32,0,
FIXA,1,5704,QUÍMICA GERAL,72,0,
OPTATIVA,1,8822,SEMINÁRIOS MULTIDISCIPLINARES SOBRE CIÊNCIA E TECNOLOGIA,32,0,
INTERDISCIPLINAR,1,6057,SÉRIES TEMPORAIS E PREVISÕES,62,10,
OPTATIVA,1,8820,TÓPICOS EM FÍSICA MODERNA,36,0,
OPTATIVA,1,6517,UNIDADE DE APOIO AO CÁLCULO,72,0,
ELETIVA,2,2832,ALGORITMOS E ESTRUTURAS DE DADOS I,36,36,
ELETIVA,2,5124,ANATOMIA,10,26,4
ELETIVA,2,9823,ATIVIDADES COMPLEMENTARES EXTENSIONISTAS I,0,36,36
ELETIVA,2,5843,BIOLOGIA MOLECULAR DO GENE,72,0,20
ELETIVA,2,5842,BIOQUÍMICA I,72,0,
FIXA,2,5870,"CIÊNCIA, TECNOLOGIA, SOCIEDADE E AMBIENTE",36,0,
ELETIVA,2,5919,CULTURA DIGITAL,72,0,
FIXA,2,4369,FENÔMENOS MECÂNICOS,72,0,
ELETIVA,2,2650,GEOMETRIA ANALÍTICA,64,8,
ELETIVA,2,6069,INTRODUÇÃO À ECONOMIA GLOBAL,36,0,
ELETIVA,2,4380,INTRODUÇÃO À ENGENHARIA BIOMÉDICA,36,0,
INTERDISCIPLINAR,2,4373,INTRODUÇÃO À ENGENHARIA DE MATERIAIS,36,0,8
ELETIVA,2,6050,INTRODUÇÃO À LÓGICA FUZZY,58,14,
ELETIVA,2,6034,LEGISLAÇÃO AMBIENTAL E POLÍTICAS PÚBLICAS,72,0,
ELETIVA,2,2201,MATEMÁTICA DISCRETA,36,36,
ELETIVA,2,5844,MATEMÁTICA GERAL,72,0,
ELETIVA,2,4374,METODOLOGIA DA PESQUISA E COMUNICAÇÃO CIENTÍFICA,28,8,
ELETIVA,2,5120,MICROBIOLOGIA GERAL,72,0,
INTERDISCIPLINAR,2,4370,QUÍMICA GERAL EXPERIMENTAL,0,72,16
ELETIVA,2,6070,RELAÇÕES ÉTNICO-RACIAIS E CULTURA AFRO-BRASILEIRA E INDÍGENA,36,0,
ELETIVA,2,4328,SÉRIES E EQUAÇÕES DIFERENCIAIS ORDINÁRIAS,62,10,
ELETIVA,3,2475,ÁLGEBRA LINEAR,62,10,
ELETIVA,3,2833,ALGORITMOS E ESTRUTURAS DE DADOS II,46,26,
INTERDISCIPLINAR,3,5414,ALGORITMOS EM BIOINFORMÁTICA,36,36,
INTERDISCIPLINAR,3,5775,ALTERIDADE E DIVERSIDADE NO BRASIL: IMPLICAÇÕES PARA POLÍTICA DE C&T,36,0,
INTERDISCIPLINAR,3,5095,ANÁLISE DE INVESTIMENTOS E RISCOS,30,42,
ELETIVA,3,5739,BIOLOGIA DO DESENVOLVIMENTO,36,0,8
ELETIVA,3,5741,BIOLOGIA MOLECULAR DA CÉLULA,72,0,
ELETIVA,3,5359,CÁLCULO EM VÁRIAS VARIÁVEIS,62,10,
ELETIVA,3,5115,"CIDADANIA, CIÊNCIA E POLÊMICA",72,0,
ELETIVA,3,3518,CIRCUITOS DIGITAIS,52,20,20
ELETIVA,3,5774,COMBINATÓRIA ENUMERATIVA,72,0,
INTERDISCIPLINAR,3,6076,CULTURA DOS JOGOS DIGITAIS,18,18,
INTERDISCIPLINAR,3,5101,ECONOMIA MATEMÁTICA,50,22,
ELETIVA,3,4348,FENÔMENOS DO CONTÍNUO,72,0,
ELETIVA,3,4538,FENÔMENOS MECÂNICOS EXPERIMENTAL,0,36,
ELETIVA,3,5746,FÍSICA GERAL,72,0,
ELETIVA,3,8215,FISIOLOGIA HUMANA I,60,12,
INTERDISCIPLINAR,3,4404,FUNDAMENTOS DE MECÂNICA CELESTE,62,10,
INTERDISCIPLINAR,3,9819,INICIAÇÃO AOS PEPICT I,36,0,36
INTERDISCIPLINAR,3,9820,INICIAÇÃO AOS PEPICT II,36,0,36
INTERDISCIPLINAR,3,5169,INTRODUÇÃO À NANOTECNOLOGIA,30,6,6
INTERDISCIPLINAR,3,5845,LABORATÓRIO DE BIOQUÍMICA,0,72,
ELETIVA,3,5121,MICROBIOLOGIA APLICADA E INDUSTRIAL,72,0,36
INTERDISCIPLINAR,3,4352,MODELAGEM COMPUTACIONAL,18,18,
ELETIVA,3,9822,MODELAGEM DE DADOS APLICADA AOS NEGÓCIOS,30,42,
INTERDISCIPLINAR,3,4774,MUDANÇA DO CLIMA E SOCIEDADE,36,0,
ELETIVA,3,9903,NEUROCIÊNCIA APLICADA AO COTIDIANO,18,18,
ELETIVA,3,6071,POLÍTICA CIENTÍFICA E TECNOLÓGICA (PC&T),36,0,
INTERDISCIPLINAR,3,8240,PRÁTICA EM PROJETOS EXTENSIONISTAS I,0,72,72
INTERDISCIPLINAR,3,4772,QUÍMICA INORGÂNICA,60,12,8
ELETIVA,3,4350,QUÍMICA ORGÂNICA,72,0,
ELETIVA,3,4410,REALIDADE VIRTUAL E AUMENTADA,54,18,
ELETIVA,3,6075,SISTEMAS ROBÓTICOS,52,20,
INTERDISCIPLINAR,3,4537,TECNOLOGIA E MEIO AMBIENTE,36,0,12
INTERDISCIPLINAR,3,6072,TECNOLOGIA SOCIAL: PRÁXIS E CONTRA-HEGEMONIA,36,0,
ELETIVA,3,5887,TEORIA DAS FINANÇAS,36,0,
INTERDISCIPLINAR,3,6073,TÓPICOS EM CIÊNCIA E TECNOLOGIA I,36,0,
INTERDISCIPLINAR,3,6074,TÓPICOS INTERDISCIPLINARES EM COMPUTAÇÃO I,24,12,
ELETIVA,3,6052,TOPOLOGIA GERAL,72,0,
ELETIVA,4,5373,ÁLGEBRA LINEAR II,72,0,
ELETIVA,4,3519,ARQUITETURA E ORGANIZAÇÃO DE COMPUTADORES,52,20,
ELETIVA,4,9824,ATIVIDADES COMPLEMENTARES EXTENSIONISTAS II,0,36,36
ELETIVA,4,5740,BIOLOGIA GERAL,72,0,
ELETIVA,4,5847,BIOQUÍMICA II,72,0,
ELETIVA,4,2828,CÁLCULO NUMÉRICO,58,14,
ELETIVA,4,6045,CÁLCULO VARIACIONAL,72,0,
ELETIVA,4,4764,CIÊNCIA E TECNOLOGIA DOS MATERIAIS,72,0,
ELETIVA,4,5902,CIRCUITOS ELÉTRICOS I,72,0,
INTERDISCIPLINAR,4,6046,CÓDIGOS CORRETORES DE ERROS,62,10,
ELETIVA,4,5900,DESENHO TÉCNICO BÁSICO,18,18,
INTERDISCIPLINAR,4,6084,"DIREITOS HUMANOS, MULTICULTURALISMO E C&T",36,0,
INTERDISCIPLINAR,4,5408,ECONOMETRIA,30,42,
ELETIVA,4,6081,ECONOMIA MONETÁRIA E BANCOS,36,0,
ELETIVA,4,6077,"ECONOMIA, SOCIEDADE E AMBIENTE",36,0,
ELETIVA,4,6078,ENGENHARIA TECIDUAL E BIOFABRICAÇÃO,36,0,
ELETIVA,4,5140,FARMACOLOGIA MOLECULAR,72,0,
ELETIVA,4,5364,FENÔMENOS DO CONTÍNUO EXPERIMENTAL,0,36,
ELETIVA,4,4748,FENÔMENOS ELETROMAGNÉTICOS,72,0,
ELETIVA,4,8272,FISIOLOGIA HUMANA II,60,12,
ELETIVA,4,6115,FISIOPATOLOGIA CLÍNICA DOS SISTEMAS HUMANOS,72,0,
ELETIVA,4,3584,FUNÇÕES ANALÍTICAS,62,10,
ELETIVA,4,5119,FUNDAMENTOS DE ENGENHARIA BIOQUÍMICA,72,0,
INTERDISCIPLINAR,4,4760,INTRODUÇÃO À BIOTECNOLOGIA,36,0,4
ELETIVA,4,6082,INTRODUÇÃO À ENGENHARIA FINANCEIRA,30,42,
ELETIVA,4,8042,INTRODUÇÃO À NEUROCIÊNCIA,36,36,
INTERDISCIPLINAR,4,4375,LABORATÓRIO DE BIOLOGIA MOLECULAR E CELULAR,0,36,
INTERDISCIPLINAR,4,5848,LABORATÓRIO DE MICROBIOLOGIA,0,36,8
ELETIVA,4,5928,LABORATÓRIO DE SISTEMAS COMPUTACIONAIS: CIRCUITOS DIGITAIS,8,28,
ELETIVA,4,4770,MECÂNICA GERAL,72,0,
ELETIVA,4,4547,MÉTODOS MATEMÁTICOS,62,10,
ELETIVA,4,8533,MÉTODOS MATEMÁTICOS PARA A ENGENHARIA,72,0,
ELETIVA,4,9792,MÉTODOS MATEMÁTICOS PARA A ENGENHARIA,72,0,
ELETIVA,4,6083,ORGANIZAÇÃO INDUSTRIAL,36,0,
INTERDISCIPLINAR,4,4166,PLANEJAMENTO DE EXPERIMENTOS,36,36,
INTERDISCIPLINAR,4,8051,PRÁTICA EM PROJETOS EXTENSIONISTAS II,0,72,72
ELETIVA,4,3163,PROBABILIDADE,60,12,
ELETIVA,4,2471,PROGRAMAÇÃO ORIENTADA A OBJETOS,36,36,
ELETIVA,4,3579,PROJETO E ANÁLISE DE ALGORITMOS,52,20,
ELETIVA,4,8101,PROTOTIPAGEM E MANUFATURA ADITIVA,62,10,
INTERDISCIPLINAR,4,4536,QUÍMICA ORGÂNICA EXPERIMENTAL,0,72,8
ELETIVA,4,4773,TERMODINÂMICA QUÍMICA,72,0,8
INTERDISCIPLINAR,4,6079,TÓPICOS EM CIÊNCIA E TECNOLOGIA II,36,0,
ELETIVA,4,6930,TÓPICOS ESPECIAIS EM CIÊNCIA E ENGENHARIA DE MATERIAIS I,72,0,
ELETIVA,4,6941,TÓPICOS ESPECIAIS EM CIÊNCIA E ENGENHARIA DE MATERIAIS III,36,0,
INTERDISCIPLINAR,4,6080,TÓPICOS INTERDISCIPLINARES EM COMPUTAÇÃO II,24,12,
ELETIVA,5,4146,ÁLGEBRA LINEAR COMPUTACIONAL,62,10,
ELETIVA,5,5132,ANÁLISE DE SINAIS,72,0,
ELETIVA,5,5773,ANÁLISE REAL I,72,0,
ELETIVA,5,9901,ASPECTOS BÁSICOS DA ERGONOMIA PARA ENGENHEIROS,36,36,
INTERDISCIPLINAR,5,5384,BIOÉTICA E BIOSSEGURANÇA,36,0,36
INTERDISCIPLINAR,5,5170,BIOMATERIAIS,32,4,4
ELETIVA,5,5760,BIOQUÍMICA ANALÍTICA,72,0,8
ELETIVA,5,7232,CIÊNCIA E ENGENHARIA DE BIOMATERIAIS,56,16,8
ELETIVA,5,5903,CIRCUITOS ELÉTRICOS II,72,0,
INTERDISCIPLINAR,5,6103,COMPUTAÇÃO BIOINSPIRADA,48,24,
ELETIVA,5,3051,COMPUTAÇÃO GRÁFICA,36,36,
ELETIVA,5,5901,DESENHO TÉCNICO ASSISTIDO POR COMPUTADOR,0,36,
OPTATIVA,5,6106,ELABORAÇÃO DE TRABALHOS CIENTÍFICOS E TECN. EM COMPUTAÇÃO,18,18,
INTERDISCIPLINAR,5,7671,EMPREENDEDORISMO,20,16,
INTERDISCIPLINAR,5,5849,EMPREENDEDORISMO EM BIOTECNOLOGIA,36,0,
ELETIVA,5,5762,ENGENHARIA BIOQUÍMICA I,72,0,4
ELETIVA,5,4545,EQUAÇÕES DIFERENCIAIS PARCIAIS,72,0,8
ELETIVA,5,4405,ESPAÇOS MÉTRICOS,72,0,8
ELETIVA,5,6054,ESTATÍSTICA MATEMÁTICA,62,10,
ELETIVA,5,5136,FENÔMENOS DE TRANSPORTE,72,0,
ELETIVA,5,5137,FENÔMENOS ELETROMAGNÉTICOS EXPERIMENTAL,0,36,4
ELETIVA,5,4403,FÍSICA MODERNA,72,0,
ELETIVA,5,5141,FISIOPATOLOGIA CARDIORRESPIRATÓRIA,72,0,
ELETIVA,5,3490,INTELIGÊNCIA ARTIFICIAL,48,24,8
INTERDISCIPLINAR,5,6048,INTRODUÇÃO À AEROELASTICIDADE,40,32,
INTERDISCIPLINAR,5,5372,INTRODUÇÃO À BIOINFORMÁTICA,36,36,8
INTERDISCIPLINAR,5,4714,INTRODUÇÃO À ECOLOGIA,72,0,20
ELETIVA,5,9802,INTRODUÇÃO AOS MATERIAIS ELÉTRICOS,36,0,
ELETIVA,5,6089,LABORATÓRIO DE CIRCUITOS ELÉTRICOS,0,36,
ELETIVA,5,6090,LABORATÓRIO DE SISTEMAS COMPUTACIONAIS: ARQUITETURA E ORGANIZAÇÃO DE COMPUTADORES,14,58,
ELETIVA,5,2616,LINGUAGENS FORMAIS E AUTÔMATOS,72,0,
INTERDISCIPLINAR,5,8239,MARKETING ESTRATÉGICO,36,0,
ELETIVA,5,5142,MATERIAIS CERÂMICOS,60,12,8
ELETIVA,5,5143,MATERIAIS METÁLICOS,52,20,8
ELETIVA,5,5144,MATERIAIS POLIMÉRICOS,60,12,8
ELETIVA,5,6056,MODELOS LINEARES GENERALIZADOS,62,10,
ELETIVA,5,4148,OTIMIZAÇÃO LINEAR,58,14,6
ELETIVA,5,4402,OTIMIZAÇÃO NÃO LINEAR,58,14,8
INTERDISCIPLINAR,5,2609,PROBABILIDADE E ESTATÍSTICA,54,18,18
ELETIVA,5,4147,PROCESSOS ESTOCÁSTICOS,62,10,
ELETIVA,5,9722,PROGRAMAÇÃO EM PYTHON APLICADA À ENGENHARIA BIOMÉDICA,0,36,
ELETIVA,5,4663,PROGRAMAÇÃO PARALELA E PROCESSAMENTO DE ALTO DESEMPENHO,36,36,
ELETIVA,5,5168,PROJETO ORIENTADO A OBJETOS,36,36,
INTERDISCIPLINAR,5,5883,QUÍMICA ANALÍTICA,26,46,16
ELETIVA,5,6674,RECICLAGEM DE MATERIAIS,36,0,
ELETIVA,5,5145,RESISTÊNCIA DOS MATERIAIS,72,0,
INTERDISCIPLINAR,5,9826,RESOLUÇÃO DE PROBLEMAS VIA MODELAGEM MATEMÁTICA I,0,72,72
INTERDISCIPLINAR,5,4150,SIMULAÇÃO DE SISTEMAS,44,28,
ELETIVA,5,2612,SISTEMAS OPERACIONAIS,54,18,
ELETIVA,5,10245,SOFT SKILLS BASEADA EM NEUROCIÊNCIA,18,18,
INTERDISCIPLINAR,5,4406,TEORIA DOS NÚMEROS E CRIPTOGRAFIA,62,10,
INTERDISCIPLINAR,5,6091,TÓPICOS EM CIÊNCIA E TECNOLOGIA III,36,0,
ELETIVA,5,6166,TÓPICOS EM FUNDAMENTOS DA COMPUTAÇÃO I,36,36,
ELETIVA,5,9828,TÓPICOS EM MATEMÁTICA E SOCIEDADE I,0,36,36
ELETIVA,5,6168,TÓPICOS EM TECNOLOGIA DA COMPUTAÇÃO I,36,36,
ELETIVA,5,6931,TÓPICOS ESPECIAIS EM CIÊNCIA E ENGENHARIA DE MATERIAIS II,72,0,
ELETIVA,5,6942,TÓPICOS ESPECIAIS EM CIÊNCIA E ENGENHARIA DE MATERIAIS IV,64,8,
INTERDISCIPLINAR,5,6092,TÓPICOS INTERDISCIPLINARES EM COMPUTAÇÃO III,24,12,
ELETIVA,6,6044,ANÁLISE DO RN,72,0,
ELETIVA,6,6053,ANÁLISE MULTIVARIADA,62,10,
ELETIVA,6,5918,ANÁLISE REAL II,72,0,
ELETIVA,6,5096,APLICAÇÕES DE ROBÓTICA MÓVEL,20,52,
ELETIVA,6,4413,APRENDIZADO DE MÁQUINA E RECONHECIMENTO DE PADRÕES,48,24,
ELETIVA,6,4782,ASPECTOS DE IMPLEMENTAÇÃO DE BANCO DE DADOS,32,40,
ELETIVA,6,9825,ATIVIDADES COMPLEMENTARES EXTENSIONISTAS III,0,36,36
ELETIVA,6,6110,AVANÇOS EM ENGENHARIA BIOMÉDICA,36,0,
ELETIVA,6,2831,BANCO DE DADOS,36,36,16
ELETIVA,6,6111,BIOENGENHARIA,72,0,
ELETIVA,6,5133,BIOÉTICA,36,0,
ELETIVA,6,6093,BIOFÍSICA,72,0,
ELETIVA,6,5856,BIOINFORMÁTICA AVANÇADA,36,36,
ELETIVA,6,5853,BIOLOGIA ESTRUTURAL,36,36,
ELETIVA,6,9917,BIOLOGIA MOLECULAR DA CÉLULA AVANÇADA,72,0,
ELETIVA,6,5776,BIOMECÂNICA,36,36,20
ELETIVA,6,8216,BIOMECÂNICA APLICADA À REABILITAÇÃO E AO ESPORTE,36,36,
ELETIVA,6,5933,BIOSSENSORES,56,16,12
ELETIVA,6,5857,BIOTECNOLOGIA AMBIENTAL I,72,0,16
ELETIVA,6,5865,BIOTECNOLOGIA AMBIENTAL II,72,0,12
ELETIVA,6,5858,BIOTECNOLOGIA ANIMAL,72,0,
ELETIVA,6,6088,BIOTECNOLOGIA DE ENERGIAS RENOVÁVEIS I,72,0,12
ELETIVA,6,5863,BIOTECNOLOGIA DE ENERGIAS RENOVÁVEIS II,72,0,12
ELETIVA,6,5867,BIOTECNOLOGIA VEGETAL,64,8,
ELETIVA,6,6666,BLENDAS POLIMÉRICAS,72,0,16
ELETIVA,6,5859,BOTÂNICA E FISIOLOGIA VEGETAL,64,8,
ELETIVA,6,5875,CERÂMICAS REFRATÁRIAS,36,0,
ELETIVA,6,6105,CLASSIFICAÇÃO DE SINAIS BIOLÓGICOS,12,24,
ELETIVA,6,2615,COMPILADORES,36,36,
ELETIVA,6,8532,CONDICIONAMENTO ANALÓGICO DE SINAIS,36,36,
ELETIVA,6,5386,CONTROLE DE SISTEMAS DINÂMICOS,36,36,
ELETIVA,6,7670,CONTROLE DIGITAL,36,36,
ELETIVA,6,5881,CORROSÃO E DEGRADAÇÃO DE MATERIAIS,72,0,8
ELETIVA,6,4381,CULTURA DE CÉLULAS,36,0,
ELETIVA,6,4171,DESAFIOS DE PROGRAMAÇÃO,72,0,
ELETIVA,6,4781,DESENVOLVIMENTO DE APLICAÇÕES ROBÓTICAS,20,52,
INTERDISCIPLINAR,6,8536,DESENVOLVIMENTO DE GAMES,36,36,36
ELETIVA,6,7493,DESENVOLVIMENTO DE NOVOS NEGÓCIOS EM ENGENHARIA BIOMÉDICA,18,18,
ELETIVA,6,8041,DESENVOLVIMENTO INTEGRADO DE PRODUTOS,36,0,
ELETIVA,6,5869,ECOLOGIA AVANÇADA,72,0,
ELETIVA,6,8531,EFEITOS BIOLÓGICOS DAS RADIAÇÕES IONIZANTES,72,0,
ELETIVA,6,6062,ELEMENTOS DE ÁLGEBRA,72,0,
ELETIVA,6,8642,"ELETIVA,- CIDADES: LINGUAGENS, NARRATIVAS E EXPERIÊNCIAS URBANAS",60,0,
ELETIVA,6,8521,ELETRÔNICA,50,22,
ELETIVA,6,5410,"ENERGIA, SOCIEDADE E MEIO AMBIENTE",72,0,
ELETIVA,6,5851,ENGENHARIA BIOQUÍMICA II,72,0,4
ELETIVA,6,5890,ENGENHARIA CERÂMICA,72,0,
ELETIVA,6,6107,ENGENHARIA CLÍNICA HOSPITALAR APLICADA,36,36,16
ELETIVA,6,9689,ENGENHARIA DE MICROESTRUTURA DE METAIS E LIGAS,72,0,
ELETIVA,6,6682,ENGENHARIA DE PRODUTOS CERÂMICOS,72,0,6
ELETIVA,6,2614,ENGENHARIA DE SOFTWARE,36,36,16
ELETIVA,6,6112,ENGENHARIA MÉDICA APLICADA,36,36,
INTERDISCIPLINAR,6,5868,ENGENHARIA TECIDUAL E MEDICINA REGENERATIVA,72,0,20
ELETIVA,6,5387,ENSAIOS DE MATERIAIS,52,20,8
ELETIVA,6,6094,EQUAÇÕES DIFERENCIAIS ORDINÁRIAS,72,0,
ELETIVA,6,5871,ESTRUTURA E PROPRIEDADES DE POLÍMEROS,60,12,8
ELETIVA,6,9902,FENÔMENOS DE TRANSPORTE APLICADOS A SISTEMAS BIOLÓGICOS,72,0,
INTERDISCIPLINAR,6,9817,FENÔMENOS ÓPTICOS,36,36,8
ELETIVA,6,5761,FÍSICA MODERNA EXPERIMENTAL,0,72,8
INTERDISCIPLINAR,6,6047,FLUXOS EM REDES,58,14,
ELETIVA,6,9794,FUNDAMENTOS DE ADMINISTRAÇÃO,20,16,
ELETIVA,6,9803,FUNDAMENTOS DE ELETRÔNICA APLICADA,36,0,
ELETIVA,6,5777,FUNDAMENTOS DE MATLAB APLICADO À ENGENHARIA,36,36,
ELETIVA,6,9877,FUNDAMENTOS DE QUÍMICA MEDICINAL,72,0,8
ELETIVA,6,4424,GEOMETRIA ANALÍTICA II,36,0,
INTERDISCIPLINAR,6,8650,GESTÃO DA INOVAÇÃO,36,0,
INTERDISCIPLINAR,6,5886,GESTÃO DE PROJETOS,20,16,
ELETIVA,6,4165,IMAGENS BIOMÉDICAS,36,36,
ELETIVA,6,5864,IMUNOLOGIA APLICADA,72,0,
ELETIVA,6,5855,IMUNOLOGIA GERAL,72,0,
ELETIVA,6,4401,INFERÊNCIA E ANÁLISE DE REGRESSÃO,56,16,
ELETIVA,6,8273,INSTRUMENTOS BIOMÉDICOS,48,24,20
ELETIVA,6,8217,INSTRUMENTOS ELETROMÉDICOS,56,16,12
ELETIVA,6,5781,INTERAÇÃO HUMANO-COMPUTADOR,54,18,
ELETIVA,6,9880,INTERAÇÃO HUMANO-COMPUTADOR E EXPERIÊNCIA DO USUÁRIO (UX),54,18,16
INTERDISCIPLINAR,6,9881,INTERNET DAS COISAS,36,36,36
ELETIVA,6,9509,INTRODUÇÃO À ANALISE DE FALHAS EM METAIS,72,0,12
ELETIVA,6,6049,INTRODUÇÃO À ANÁLISE FUNCIONAL,72,0,
INTERDISCIPLINAR,6,5390,INTRODUÇÃO À BIOLOGIA DE SISTEMAS,72,0,12
ELETIVA,6,9793,INTRODUÇÃO À ECONOMIA,36,0,
ELETIVA,6,5453,INTRODUÇÃO À ELETROTÉCNICA,36,0,4
ELETIVA,6,6085,INTRODUÇÃO À GEOMETRIA DIFERENCIAL,72,0,8
ELETIVA,6,7583,INTRODUÇÃO À ÓTICA BIOMÉDICA,72,0,
ELETIVA,6,4412,INTRODUÇÃO À PESQUISA OPERACIONAL,64,8,
ELETIVA,6,8529,INTRODUÇÃO À TEORIA DOS SISTEMAS DINÂMICOS,72,0,
OPTATIVA,6,7977,INTRODUÇÃO AO DESENVOLVIMENTO DE JOGOS DIGITAIS,40,0,
ELETIVA,6,3489,INTRODUÇÃO ÀS REDES NEURAIS ARTIFICIAIS,36,36,
OPTATIVA,6,6899,"JOGOS, GAMES E GAMIFICAÇÃO",40,0,
ELETIVA,6,8668,LABORATÓRIO AVANÇADO DE MÉTODOS AGÉIS E SOFTWARE LIVRE,36,36,
ELETIVA,6,5850,LABORATÓRIO DE BIOQUÍMICA ANALÍTICA,0,36,
ELETIVA,6,9806,LABORATÓRIO DE CONTROLE APLICADO,8,28,
ELETIVA,6,5930,LABORATÓRIO DE ELETRÔNICA DIGITAL,0,36,
INTERDISCIPLINAR,6,5852,LABORATÓRIO DE ENGENHARIA BIOQUÍMICA,0,36,
ELETIVA,6,6055,LABORATÓRIO DE ESTATÍSTICA APLICADA,36,36,
ELETIVA,6,5412,LABORATÓRIO DE METODOLOGIAS ÁGEIS,58,14,
ELETIVA,6,6098,LABORATÓRIO DE SISTEMAS COMPUTACIONAIS: COMPILADORES,14,58,
ELETIVA,6,8271,LABORATÓRIO DE SISTEMAS COMPUTACIONAIS: COMUNICAÇÃO DIGITAL,36,36,
ELETIVA,6,6095,LABORATÓRIO DE SISTEMAS COMPUTACIONAIS: ENGENHARIA DE SISTEMAS,8,28,
ELETIVA,6,6109,LABORATÓRIO DE SISTEMAS COMPUTACIONAIS: REDES DE COMPUTADORES,8,28,
ELETIVA,6,6102,LABORATÓRIO DE SISTEMAS COMPUTACIONAIS: SISTEMAS OPERACIONAIS,14,58,
ELETIVA,6,5937,LABORATÓRIO DE USABILIDADE NA WEB,24,48,
OPTATIVA,6,5470,LIBRAS - EAD,60,0,
ELETIVA,6,4775,MACROECONOMIA,36,0,
ELETIVA,6,9016,MANUFATURA ADITIVA,72,0,
ELETIVA,6,7580,MATERIAIS AEROESPACIAIS,72,0,
ELETIVA,6,5393,MATERIAIS COMPÓSITOS,64,8,4
ELETIVA,6,6927,MATERIAIS DE CONSTRUÇÃO CIVIL,72,0,
ELETIVA,6,5784,MATÉRIAS-PRIMAS CERÂMICAS,56,16,6
ELETIVA,6,5889,MECÂNICA DA FRATURA,72,0,
ELETIVA,6,4164,METAHEURÍSTICAS,58,14,
ELETIVA,6,8649,METALURGIA DE LIGAS AERONÁUTICAS,52,20,12
ELETIVA,6,5888,METALURGIA DO PÓ,28,8,
ELETIVA,6,5878,METALURGIA EXTRATIVA,36,0,2
ELETIVA,6,6671,METALURGIA FÍSICA,72,0,6
ELETIVA,6,6928,METALURGIA MECÂNICA,72,0,6
ELETIVA,6,5922,MÉTODOS AVANÇADOS EM PROCESSAMENTO DE IMAGENS BIOMÉDICAS,36,36,
ELETIVA,6,8043,MÉTODOS ESTATÍSTICOS MULTIVARIADOS,36,36,
INTERDISCIPLINAR,6,6104,MÉTODOS NUMÉRICOS PARA EQUAÇÕES DIFERENCIAIS,58,14,8
INTERDISCIPLINAR,6,6051,MÉTODOS PROBABILÍSTICOS EM PESQUISA OPERACIONAL,58,14,
ELETIVA,6,5770,MINERAÇÃO DE DADOS BIOMÉDICOS,44,28,
ELETIVA,6,5861,MODELAGEM MOLECULAR,36,36,
ELETIVA,6,5866,MODELOS ANIMAIS,72,0,
ELETIVA,6,3047,MULTIMÍDIA,42,30,
ELETIVA,6,5394,OPERAÇÕES UNITÁRIAS,72,0,
INTERDISCIPLINAR,6,5102,OTIMIZAÇÃO INTEIRA,72,0,8
ELETIVA,6,2199,PARADIGMAS DE PROGRAMAÇÃO,36,36,
ELETIVA,6,7673,PRÁTICAS DE EXTENSÃO E DIVULGAÇÃO CIENTÍFICA,56,16,
ELETIVA,6,9548,PRÁTICAS EM INSTRUMENTAÇÃO BIOMÉDICA,0,72,
ELETIVA,6,3581,PROCESSAMENTO DE IMAGENS,48,24,
ELETIVA,6,5938,PROCESSAMENTO DE MATERIAIS,72,0,
ELETIVA,6,5873,PROCESSAMENTO DE MATERIAIS CERÂMICOS,56,16,6
ELETIVA,6,9797,PROCESSAMENTO DE MATERIAIS COM LASER,52,20,12
ELETIVA,6,5877,PROCESSAMENTO DE MATERIAIS METÁLICOS,60,12,6
ELETIVA,6,8218,PROCESSAMENTO DE SINAIS,0,36,4
ELETIVA,6,5931,PROCESSAMENTO DE SINAIS BIOMÉDICOS,36,36,
ELETIVA,6,5879,PROCESSAMENTO DE TERMOPLÁSTICOS,56,16,8
ELETIVA,6,9801,PROCESSAMENTO DE TERMORRÍGIDOS E ELASTÔMEROS,36,0,
ELETIVA,6,3580,PROGRAMAÇÃO CONCORRENTE E DISTRIBUÍDA,42,30,
ELETIVA,6,4662,PROJETO DE SISTEMAS DIGITAIS,20,52,
ELETIVA,6,9795,PROJETOS EM ENGENHARIA BIOMÉDICA,0,72,
ELETIVA,6,9882,PROJETOS EM ENGENHARIA DE COMPUTAÇÃO,72,0,72
ELETIVA,6,9904,PROJETOS EXTENSIONISTAS EM ENG. BIOMÉDICA,36,0,36
ELETIVA,6,9798,PROJETOS EXTENSIONISTAS ENG. MATERIAIS,0,72,72
ELETIVA,6,8519,PROJETOS SUSTENTÁVEIS EM POLÍMEROS,72,0,72
ELETIVA,6,5860,PROTEÔMICA,36,36,12
INTERDISCIPLINAR,6,5885,QUALIDADE,20,16,
ELETIVA,6,8530,RADIOTERAPIA PARA ENGENHARIA,72,0,
ELETIVA,6,6165,RECUPERAÇÃO DE INFORMAÇÃO MULTIMÍDIA,48,24,
ELETIVA,6,2617,REDES DE COMPUTADORES,52,20,
ELETIVA,6,9014,REDES NEURAIS E APRENDIZADO PROFUNDO,72,0,
ELETIVA,6,5785,REOLOGIA DOS MATERIAIS,36,0,
INTERDISCIPLINAR,6,8210,RESOLUÇÃO DE PROBLEMAS VIA MODELAGEM MATEMÁTICA,20,52,
INTERDISCIPLINAR,6,9827,RESOLUÇÃO DE PROBLEMAS VIA MODELAGEM MATEMÁTICA II,0,72,72
ELETIVA,6,3819,SEGURANÇA COMPUTACIONAL,36,36,
ELETIVA,6,8288,SEGURANÇA DA INFORMAÇÃO,28,8,8
INTERDISCIPLINAR,6,9799,SELEÇÃO DE MATERIAIS,72,0,8
ELETIVA,6,6101,SEMINÁRIOS INTERDISCIPLINARES,36,0,
ELETIVA,6,5786,SÍNTESE DE POLÍMEROS,52,20,
OPTATIVA,6,8253,SISTEMAS COGNITIVOS ARTIFICIAIS NO ENSINO E APRENDIZAGEM,40,0,
OPTATIVA,6,7548,SISTEMAS COMPUTACIONAIS COLABORATIVOS,40,0,
ELETIVA,6,3049,SISTEMAS DISTRIBUÍDOS,42,30,
ELETIVA,6,6033,SISTEMAS EMBARCADOS,36,36,16
ELETIVA,6,5398,SISTEMAS MECÂNICOS,36,36,20
ELETIVA,6,8517,SOFT SKILLS NA ENGENHARIA,72,0,36
ELETIVA,6,6929,SOLDAGEM,60,12,8
ELETIVA,6,8518,SUSTENTABILIDADE,72,0,36
ELETIVA,6,9015,SUSTENTABILIDADE NO GERENCIAMENTO DE RESÍDUOS,36,36,
ELETIVA,6,5787,TÉCNICAS EXPERIMENTAIS,48,24,8
ELETIVA,6,10126,TECNOLOGIA DO PVC,72,0,
ELETIVA,6,5782,TECNOLOGIA EM TINTAS E VERNIZES,60,12,4
ELETIVA,6,6114,TECNOLOGIAS ASSISTIVAS,62,10,
ELETIVA,6,8522,TELEMEDICINA,36,36,
ELETIVA,6,9883,TEORIA DE GALOIS,72,0,
ELETIVA,6,2975,TEORIA DOS GRAFOS,62,10,
ELETIVA,6,5401,TERMODINÂMICA DOS SÓLIDOS,72,0,
INTERDISCIPLINAR,6,6096,TÓPICOS EM CIÊNCIA E TECNOLOGIA IV,36,0,
ELETIVA,6,6943,TÓPICOS EM ESTATÍSTICA,36,36,
ELETIVA,6,6167,TÓPICOS EM FUNDAMENTOS DA COMPUTAÇÃO II,36,36,
ELETIVA,6,7214,TÓPICOS EM FUNDAMENTOS DA COMPUTAÇÃO III,36,36,
ELETIVA,6,7215,TÓPICOS EM FUNDAMENTOS DA COMPUTAÇÃO IV,72,0,
ELETIVA,6,7216,TÓPICOS EM FUNDAMENTOS DA COMPUTAÇÃO V,36,0,
ELETIVA,6,9547,TÓPICOS EM HISTÓRIA DA MATEMÁTICA,72,0,8
ELETIVA,6,6060,TÓPICOS EM MATEMÁTICA COMPUTACIONAL I,36,36,
ELETIVA,6,6061,TÓPICOS EM MATEMÁTICA COMPUTACIONAL II,36,36,
ELETIVA,6,9829,TÓPICOS EM MATEMÁTICA E SOCIEDADE II,0,36,36
ELETIVA,6,8219,TÓPICOS EM RESSONÂNCIA MAGNÉTICA NUCLEAR,72,0,
ELETIVA,6,6169,TÓPICOS EM TECNOLOGIA DA COMPUTAÇÃO II,36,36,
ELETIVA,6,7217,TÓPICOS EM TECNOLOGIA DA COMPUTAÇÃO III,36,36,
ELETIVA,6,7218,TÓPICOS EM TECNOLOGIA DA COMPUTAÇÃO IV,36,36,
ELETIVA,6,7219,TÓPICOS EM TECNOLOGIA DA COMPUTAÇÃO V,36,36,
ELETIVA,6,9831,TÓPICOS EM TEORIA DOS NÚMEROS,54,18,8
INTERDISCIPLINAR,6,9821,TÓPICOS ESPECIAIS EM ECONOMIA E NEGÓCIOS,18,18,18
INTERDISCIPLINAR,6,9818,TÓPICOS ESPECIAIS EM FÍSICA,40,32,
INTERDISCIPLINAR,6,6097,TÓPICOS INTERDISCIPLINARES EM COMPUTAÇÃO IV,24,12,
ELETIVA,6,5763,TRANSDUÇÃO DE GRANDEZAS BIOMÉDICAS,52,20,
ELETIVA,6,9800,TRATAMENTOS TÉRMICOS,36,36,6
ELETIVA,6,3050,VALIDAÇÃO E VERIFICAÇÃO DE SOFTWARE,36,36,
ELETIVA,6,5402,"VIDROS, VITROCERÂMICOS E VIDRADOS",54,18,8